node,color,mat,pat,mat:pat,hifi-coverage,ont-coverage,chr
utig4-0,#AAAAAA,0,0,0:0,0,0,
utig4-1,#AAAAAA,0,25,0:25,5.60,25.43,
utig4-2,#AAAAAA,0,32,0:32,11.00,37.43,
utig4-3,#AAAAAA,0,32,0:32,8.50,18.12,
utig4-4,#AAAAAA,0,32,0:32,18.50,20.58,
utig4-5,#AAAAAA,0,25,0:25,3.63,33.70,
utig4-6,#AAAAAA,0,59,0:59,9.00,15.70,
utig4-7,#AAAAAA,0,46,0:46,17.67,16.78,
utig4-8,#AAAAAA,0,39,0:39,6.79,17.86,
utig4-9,#AAAAAA,0,63,0:63,10.67,27.23,
utig4-10,#AAAAAA,0,32,0:32,0,0,
utig4-11,#AAAAAA,0,0,0:0,0,0,
utig4-12,#AAAAAA,0,32,0:32,7.50,24.34,
utig4-13,#AAAAAA,0,41,0:41,29.00,26.99,
utig4-14,#AAAAAA,0,32,0:32,0,0,
utig4-15,#AAAAAA,0,32,0:32,0,0,
utig4-16,#AAAAAA,0,46,0:46,11.35,31.34,
utig4-17,#AAAAAA,0,10,0:10,10.00,29.28,
utig4-18,#AAAAAA,0,61,0:61,17.00,38.34,
utig4-19,#AAAAAA,0,61,0:61,8.98,16.55,
utig4-20,#AAAAAA,0,0,0:0,11.00,1.40,
utig4-21,#AAAAAA,0,0,0:0,2.90,0.00,
utig4-22,#FF8888,264580,3041,264580:3041,16.01,27.46,chr22
utig4-23,#AAAAAA,0,24,0:24,3.70,2.00,
utig4-24,#AAAAAA,1,0,1:0,25.67,53.06,
utig4-25,#FF8888,67241,57,67241:57,17.88,30.15,
utig4-26,#8888FF,133,77670,133:77670,18.20,29.46,
utig4-27,#AAAAAA,79,0,79:0,12.86,13.85,
utig4-28,#8888FF,300,197634,300:197634,17.76,29.41,
utig4-29,#8888FF,13,41871,13:41871,15.67,28.62,chr22
utig4-30,#AAAAAA,0,0,0:0,17.64,14.29,
utig4-31,#8888FF,2,13909,2:13909,14.11,30.01,
utig4-32,#AAAAAA,0,0,0:0,10.50,4.19,
utig4-33,#AAAAAA,9,0,9:0,0,0,
utig4-34,#AAAAAA,16,0,16:0,5.44,20.85,
utig4-35,#AAAAAA,38,0,38:0,10.00,37.23,
utig4-36,#AAAAAA,16,0,16:0,0,0,
utig4-37,#AAAAAA,16,0,16:0,9.50,6.29,
utig4-38,#AAAAAA,9,0,9:0,0,0,
utig4-39,#AAAAAA,0,0,0:0,3.00,0.00,
utig4-40,#AAAAAA,0,0,0:0,2.20,0.00,
utig4-41,#AAAAAA,0,0,0:0,2.00,0.00,
utig4-42,#AAAAAA,16,0,16:0,2.00,0.00,
utig4-43,#AAAAAA,6,0,6:0,1.58,0.00,
utig4-44,#AAAAAA,0,0,0:0,9.00,1.51,
utig4-45,#AAAAAA,0,0,0:0,3.00,0.78,
utig4-46,#AAAAAA,0,0,0:0,2.00,0.00,
utig4-47,#AAAAAA,0,0,0:0,1.98,0.00,
utig4-48,#AAAAAA,0,0,0:0,1.00,0.00,
utig4-49,#AAAAAA,21,0,21:0,9.00,2.31,
utig4-50,#AAAAAA,0,0,0:0,7.50,0.51,
utig4-51,#AAAAAA,0,0,0:0,11.00,0.78,
utig4-52,#AAAAAA,0,0,0:0,1.00,0.00,
utig4-53,#AAAAAA,0,0,0:0,11.00,0.00,
utig4-54,#AAAAAA,0,0,0:0,5.50,0.00,
utig4-55,#AAAAAA,0,0,0:0,6.00,0.00,
utig4-56,#AAAAAA,0,0,0:0,2.00,0.00,
utig4-57,#AAAAAA,0,0,0:0,4.75,0.55,
utig4-58,#AAAAAA,0,0,0:0,2.00,0.00,
utig4-59,#AAAAAA,0,0,0:0,7.66,3.41,
utig4-60,#AAAAAA,0,0,0:0,4.09,20.47,
utig4-61,#AAAAAA,0,0,0:0,3.00,14.81,
utig4-62,#AAAAAA,0,0,0:0,4.05,8.09,
utig4-63,#AAAAAA,0,0,0:0,46.51,331.00,
utig4-64,#AAAAAA,0,0,0:0,0,0,
utig4-65,#AAAAAA,0,18,0:18,3.00,16.99,
utig4-66,#AAAAAA,0,30,0:30,9.98,43.67,
utig4-67,#AAAAAA,0,0,0:0,7.00,34.46,
utig4-68,#AAAAAA,0,0,0:0,4.03,11.14,
utig4-69,#AAAAAA,0,12,0:12,3.50,22.04,
utig4-70,#AAAAAA,0,30,0:30,4.34,15.65,
utig4-71,#AAAAAA,0,0,0:0,0,0,
utig4-72,#AAAAAA,0,30,0:30,1.95,87.06,
utig4-73,#AAAAAA,0,0,0:0,4.70,17.91,
utig4-74,#AAAAAA,0,40,0:40,5.00,21.39,
utig4-75,#AAAAAA,30,0,30:0,34.19,63.09,
utig4-76,#8888FF,449,173925,449:173925,17.80,29.67,
utig4-77,#FF8888,227685,291,227685:291,17.73,29.85,
utig4-78,#AAAAAA,0,0,0:0,17.00,10.44,
utig4-79,#AAAAAA,39,0,39:0,15.00,34.46,
utig4-80,#AAAAAA,0,30,0:30,12.99,98.31,
utig4-81,#AAAAAA,0,30,0:30,13.00,12.98,
utig4-82,#AAAAAA,0,0,0:0,4.76,0.00,
utig4-83,#AAAAAA,0,0,0:0,10.75,1.55,
utig4-84,#8888FF,1,118,1:118,13.86,39.23,
utig4-85,#8888FF,193,136952,193:136952,17.82,29.18,
utig4-86,#FF8888,103773,60,103773:60,17.97,29.80,
utig4-87,#8888FF,504,120890,504:120890,17.68,28.96,
utig4-88,#FF8888,139925,156,139925:156,17.49,28.68,
utig4-89,#AAAAAA,0,25,0:25,2.00,0.00,
utig4-90,#AAAAAA,7,0,7:0,8.50,2.22,
utig4-91,#AAAAAA,7,0,7:0,4.90,4.00,
utig4-92,#AAAAAA,58,0,58:0,6.00,0.79,
utig4-93,#AAAAAA,0,0,0:0,3.54,0.00,
utig4-94,#AAAAAA,0,25,0:25,5.00,1.42,
utig4-95,#AAAAAA,0,0,0:0,2.85,2.23,
utig4-96,#AAAAAA,0,0,0:0,2.00,0.00,
utig4-97,#AAAAAA,0,0,0:0,2.50,0.00,
utig4-98,#AAAAAA,41,0,41:0,1.32,0.00,
utig4-99,#FF8888,144,0,144:0,13.35,26.79,
utig4-100,#8888FF,0,178,0:178,13.65,30.22,
utig4-101,#AAAAAA,21,0,21:0,15.35,20.65,
utig4-102,#8888FF,0,477,0:477,14.70,27.78,
utig4-103,#AAAAAA,0,0,0:0,11.50,11.31,
utig4-104,#AAAAAA,0,0,0:0,22.71,227.00,
utig4-105,#AAAAAA,0,0,0:0,2.86,16.01,
utig4-106,#AAAAAA,0,0,0:0,8.00,7.27,
utig4-107,#AAAAAA,0,0,0:0,0,0,
utig4-108,#AAAAAA,0,0,0:0,2.89,23.94,
utig4-109,#AAAAAA,0,0,0:0,1.64,7.93,
utig4-110,#AAAAAA,13,0,13:0,9.68,17.67,
utig4-111,#AAAAAA,0,0,0:0,9.44,10.00,
utig4-112,#AAAAAA,0,0,0:0,0,0,
utig4-113,#AAAAAA,0,0,0:0,0,0,
utig4-114,#AAAAAA,0,0,0:0,19.50,35.10,
utig4-115,#AAAAAA,37,0,37:0,6.83,12.74,
utig4-116,#AAAAAA,5,0,5:0,5.27,20.87,
utig4-117,#AAAAAA,0,0,0:0,7.33,0.00,
utig4-118,#AAAAAA,0,65,0:65,9.67,0.72,
utig4-119,#AAAAAA,0,0,0:0,25.10,616.52,
utig4-120,#AAAAAA,0,0,0:0,0,0,
utig4-121,#AAAAAA,0,0,0:0,2.93,45.70,
utig4-122,#AAAAAA,0,0,0:0,0,0,
utig4-123,#AAAAAA,7,0,7:0,0,0,
utig4-124,#AAAAAA,7,0,7:0,0,0,
utig4-125,#AAAAAA,0,0,0:0,0,0,
utig4-126,#AAAAAA,8,0,8:0,10.50,24.94,
utig4-127,#AAAAAA,7,0,7:0,25.42,174.79,
utig4-128,#AAAAAA,14,0,14:0,20.29,64.18,
utig4-129,#AAAAAA,20,0,20:0,7.86,19.72,
utig4-130,#AAAAAA,7,0,7:0,0,0,
utig4-131,#AAAAAA,7,0,7:0,16.00,23.48,
utig4-132,#AAAAAA,7,0,7:0,0,0,
utig4-133,#AAAAAA,0,0,0:0,2.97,39.70,
utig4-134,#AAAAAA,0,0,0:0,21.00,18.45,
utig4-135,#AAAAAA,0,0,0:0,0,0,
utig4-136,#AAAAAA,0,0,0:0,0,0,
utig4-137,#AAAAAA,0,0,0:0,0,0,
utig4-138,#AAAAAA,0,0,0:0,11.68,32.77,
utig4-139,#AAAAAA,0,4,0:4,13.82,22.67,
utig4-140,#AAAAAA,0,0,0:0,14.67,31.60,
utig4-141,#AAAAAA,5,0,5:0,13.11,21.85,
utig4-142,#AAAAAA,0,0,0:0,4.00,2.69,
utig4-143,#AAAAAA,0,0,0:0,2.00,0.00,
utig4-144,#AAAAAA,0,0,0:0,2.58,0.00,
utig4-145,#AAAAAA,10,0,10:0,7.50,0.00,
utig4-146,#AAAAAA,0,0,0:0,3.04,0.00,
utig4-147,#AAAAAA,0,0,0:0,0,0,
utig4-148,#AAAAAA,0,0,0:0,14.10,23.20,
utig4-149,#AAAAAA,3,0,3:0,25.00,23.60,
utig4-150,#AAAAAA,0,0,0:0,0,0,
utig4-151,#AAAAAA,0,0,0:0,0,0,
utig4-152,#AAAAAA,0,0,0:0,0,0,
utig4-153,#AAAAAA,0,0,0:0,8.50,4.69,
utig4-154,#AAAAAA,0,0,0:0,0,0,
utig4-155,#AAAAAA,24,0,24:0,9.72,19.93,
utig4-156,#AAAAAA,0,0,0:0,0,0,
utig4-157,#AAAAAA,0,0,0:0,2.55,14.84,
utig4-158,#AAAAAA,33,0,33:0,6.00,32.40,
utig4-159,#AAAAAA,0,0,0:0,0,0,
utig4-160,#AAAAAA,0,0,0:0,0,0,
utig4-161,#AAAAAA,0,0,0:0,0,0,
utig4-162,#AAAAAA,3,0,3:0,7.00,48.92,
utig4-163,#AAAAAA,0,0,0:0,0,0,
utig4-164,#AAAAAA,0,0,0:0,0,0,
utig4-165,#AAAAAA,16,0,16:0,0,0,
utig4-166,#AAAAAA,0,0,0:0,7.50,29.59,
utig4-167,#AAAAAA,0,0,0:0,8.00,17.04,
utig4-168,#AAAAAA,0,0,0:0,0,0,
utig4-169,#AAAAAA,0,0,0:0,3.27,27.41,
utig4-170,#AAAAAA,0,0,0:0,0,0,
utig4-171,#AAAAAA,0,0,0:0,0,0,
utig4-172,#AAAAAA,0,0,0:0,0,0,
utig4-173,#AAAAAA,33,0,33:0,11.78,13.19,
utig4-174,#AAAAAA,0,0,0:0,34.67,52.15,
utig4-175,#FF8888,26997,84,26997:84,17.15,28.20,
utig4-176,#8888FF,109,30909,109:30909,17.02,28.11,
utig4-177,#FF8888,151634,278,151634:278,16.67,26.90,
utig4-178,#8888FF,494,164321,494:164321,16.36,27.27,
utig4-179,#8888FF,821,241025,821:241025,17.16,27.43,
utig4-180,#AAAAAA,0,0,0:0,104.57,379.99,
utig4-181,#AAAAAA,0,0,0:0,0,0,
utig4-182,#AAAAAA,0,48,0:48,2.83,13.57,
utig4-183,#AAAAAA,0,48,0:48,5.21,6.69,
utig4-184,#8888FF,7,420,7:420,8.27,19.03,
utig4-185,#AAAAAA,0,41,0:41,8.39,136.19,
utig4-186,#AAAAAA,0,40,0:40,0,0,
utig4-187,#AAAAAA,0,0,0:0,8.88,26.90,
utig4-188,#AAAAAA,10,0,10:0,4.50,0.33,
utig4-189,#AAAAAA,0,0,0:0,7.00,0.72,
utig4-190,#AAAAAA,0,18,0:18,6.50,0.87,
utig4-191,#AAAAAA,29,0,29:0,6.00,0.00,
utig4-192,#AAAAAA,0,0,0:0,1.00,3.00,
utig4-193,#AAAAAA,0,0,0:0,0,0,
utig4-194,#AAAAAA,0,23,0:23,20.50,18.77,
utig4-195,#AAAAAA,0,15,0:15,0,0,
utig4-196,#AAAAAA,0,23,0:23,0,0,
utig4-197,#AAAAAA,0,0,0:0,4.68,42.36,
utig4-198,#AAAAAA,0,0,0:0,0,0,
utig4-199,#AAAAAA,0,0,0:0,0,0,
utig4-200,#FF8888,6469,2,6469:2,14.80,27.56,
utig4-201,#AAAAAA,0,0,0:0,0,0,
utig4-202,#AAAAAA,66,0,66:0,2.92,15.35,
utig4-203,#AAAAAA,25,0,25:0,9.45,18.24,
utig4-204,#AAAAAA,0,26,0:26,0,0,
utig4-205,#AAAAAA,0,0,0:0,0,0,
utig4-206,#AAAAAA,0,15,0:15,0,0,
utig4-207,#AAAAAA,0,15,0:15,1.87,41.03,
utig4-208,#AAAAAA,0,0,0:0,0,0,
utig4-209,#AAAAAA,9,0,9:0,6.50,44.92,
utig4-210,#AAAAAA,0,15,0:15,0,0,
utig4-211,#AAAAAA,0,26,0:26,8.50,16.94,
utig4-212,#AAAAAA,0,56,0:56,3.50,9.29,
utig4-213,#AAAAAA,0,0,0:0,9.75,43.17,
utig4-214,#AAAAAA,0,0,0:0,0,0,
utig4-215,#AAAAAA,0,0,0:0,8.59,30.79,
utig4-216,#AAAAAA,65,10,65:10,10.12,9.59,
utig4-217,#AAAAAA,0,0,0:0,0,0,
utig4-218,#AAAAAA,0,0,0:0,11.40,21.98,
utig4-219,#AAAAAA,0,0,0:0,0,0,
utig4-220,#AAAAAA,0,0,0:0,13.00,1.44,
utig4-221,#AAAAAA,0,25,0:25,6.00,3.25,
utig4-222,#AAAAAA,0,0,0:0,4.88,0.00,
utig4-223,#AAAAAA,17,0,17:0,12.00,1.62,
utig4-224,#8888FF,7,385,7:385,0,0,
utig4-225,#8888FF,7,385,7:385,10.25,21.78,
utig4-226,#AAAAAA,0,0,0:0,13.42,108.69,
utig4-227,#AAAAAA,0,0,0:0,5.11,17.15,
utig4-228,#AAAAAA,0,25,0:25,0,0,
utig4-229,#AAAAAA,0,0,0:0,0,0,
utig4-230,#AAAAAA,0,0,0:0,4.00,1.02,
utig4-231,#AAAAAA,0,0,0:0,2.00,0.00,
utig4-232,#AAAAAA,5,0,5:0,6.00,33.51,
utig4-233,#AAAAAA,7,0,7:0,14.33,19.71,
utig4-234,#AAAAAA,24,0,24:0,11.14,11.49,
utig4-235,#AAAAAA,12,0,12:0,0,0,
utig4-236,#AAAAAA,7,0,7:0,0,0,
utig4-237,#AAAAAA,62,0,62:0,8.30,12.54,
utig4-238,#AAAAAA,0,0,0:0,2.26,1.00,
utig4-239,#AAAAAA,0,0,0:0,3.61,0.00,
utig4-240,#AAAAAA,0,0,0:0,34.22,58.55,
utig4-241,#AAAAAA,0,14,0:14,16.50,14.55,
utig4-242,#AAAAAA,0,0,0:0,20.50,47.04,
utig4-243,#AAAAAA,57,0,57:0,19.83,53.52,
utig4-244,#AAAAAA,0,0,0:0,11.50,7.40,
utig4-245,#AAAAAA,7,0,7:0,2.00,0.00,
utig4-246,#AAAAAA,7,0,7:0,2.50,0.00,
utig4-247,#AAAAAA,7,0,7:0,5.00,0.00,
utig4-248,#AAAAAA,0,22,0:22,12.00,2.00,
utig4-249,#AAAAAA,15,0,15:0,10.00,0.00,
utig4-250,#AAAAAA,0,43,0:43,7.75,1.81,
utig4-251,#AAAAAA,0,0,0:0,12.94,28.00,
utig4-252,#AAAAAA,59,2,59:2,0,0,
utig4-253,#AAAAAA,0,0,0:0,14.25,6.72,
utig4-254,#FF8888,2630,0,2630:0,14.49,28.51,
utig4-255,#FF8888,114634,159,114634:159,17.75,29.20,
utig4-256,#8888FF,114,85289,114:85289,17.92,29.74,
utig4-257,#AAAAAA,29,0,29:0,13.63,24.85,
utig4-258,#8888FF,0,389,0:389,12.77,26.50,
utig4-259,#AAAAAA,0,0,0:0,4.57,0.00,
utig4-260,#AAAAAA,0,25,0:25,6.50,0.00,
utig4-261,#AAAAAA,17,0,17:0,6.50,0.00,
utig4-262,#AAAAAA,0,0,0:0,5.67,0.85,
utig4-263,#AAAAAA,0,0,0:0,3.25,0.79,
utig4-264,#AAAAAA,1,5,1:5,18.00,1.61,
utig4-265,#AAAAAA,0,0,0:0,7.50,1.98,
utig4-266,#AAAAAA,3,0,3:0,32.71,61.16,
utig4-267,#8888FF,739,366550,739:366550,17.41,29.13,
utig4-268,#FF8888,474390,363,474390:363,17.54,28.23,chr6
utig4-269,#8888FF,25,8047,25:8047,16.94,27.71,
utig4-270,#FF8888,3247,6,3247:6,18.43,31.34,
utig4-271,#AAAAAA,17,0,17:0,0,0,
utig4-272,#FF8888,1236,5,1236:5,16.08,29.08,
utig4-273,#AAAAAA,24,0,24:0,0,0,
utig4-274,#AAAAAA,24,0,24:0,0,0,
utig4-275,#AAAAAA,24,0,24:0,0,0,
utig4-276,#AAAAAA,24,0,24:0,9.50,25.08,
utig4-277,#AAAAAA,24,0,24:0,0,0,
utig4-278,#AAAAAA,24,0,24:0,0,0,
utig4-279,#FF8888,75178,0,75178:0,16.47,27.74,
utig4-280,#AAAAAA,73,0,73:0,0,0,
utig4-281,#AAAAAA,70,0,70:0,0,0,
utig4-282,#AAAAAA,53,0,53:0,6.10,18.14,
utig4-283,#AAAAAA,53,0,53:0,34.65,73.12,
utig4-284,#AAAAAA,70,0,70:0,0,0,
utig4-285,#AAAAAA,77,0,77:0,11.33,18.26,
utig4-286,#AAAAAA,49,0,49:0,21.50,37.45,
utig4-287,#AAAAAA,49,0,49:0,13.50,13.33,
utig4-288,#AAAAAA,53,0,53:0,0,0,
utig4-289,#AAAAAA,53,0,53:0,0,0,
utig4-290,#AAAAAA,11,2,11:2,28.12,55.77,
utig4-291,#8888FF,470,130169,470:130169,16.98,26.94,
utig4-292,#FF8888,150729,200,150729:200,17.02,28.22,
utig4-293,#FF8888,35199,34,35199:34,18.69,29.05,
utig4-294,#8888FF,12,17321,12:17321,18.81,30.02,
utig4-295,#AAAAAA,60,37,60:37,0,0,
utig4-296,#AAAAAA,29,8,29:8,28.00,17.30,
utig4-297,#AAAAAA,7,0,7:0,0,0,
utig4-298,#AAAAAA,7,0,7:0,0,0,
utig4-299,#AAAAAA,36,0,36:0,0,0,
utig4-300,#AAAAAA,55,0,55:0,0,0,
utig4-301,#AAAAAA,7,0,7:0,0,0,
utig4-302,#AAAAAA,7,0,7:0,0,0,
utig4-303,#AAAAAA,55,0,55:0,0,0,
utig4-304,#AAAAAA,36,0,36:0,0,0,
utig4-305,#AAAAAA,24,0,24:0,0,0,
utig4-306,#AAAAAA,7,0,7:0,0,0,
utig4-307,#AAAAAA,48,0,48:0,10.50,0.00,
utig4-308,#AAAAAA,21,0,21:0,9.50,0.68,
utig4-309,#AAAAAA,9,0,9:0,9.00,3.23,
utig4-310,#AAAAAA,0,45,0:45,17.81,31.16,
utig4-311,#8888FF,0,257,0:257,14.10,33.66,
utig4-312,#AAAAAA,0,24,0:24,9.66,24.39,
utig4-313,#8888FF,0,129,0:129,19.63,45.83,
utig4-314,#AAAAAA,0,0,0:0,6.00,2.92,
utig4-315,#AAAAAA,4,0,4:0,3.15,0.00,
utig4-316,#FF8888,22387,50,22387:50,14.96,26.03,
utig4-317,#8888FF,162,22045,162:22045,15.03,24.79,
utig4-318,#AAAAAA,70,0,70:0,169.97,73.77,
utig4-319,#FF8888,113,0,113:0,19.00,53.46,
utig4-320,#AAAAAA,78,0,78:0,141.78,792.28,
utig4-321,#AAAAAA,78,0,78:0,428.89,1622.27,
utig4-322,#FF8888,148,0,148:0,109.00,870.44,
utig4-323,#AAAAAA,78,0,78:0,274.48,657.15,
utig4-324,#AAAAAA,0,0,0:0,37.16,56.03,
utig4-325,#8888FF,109,14003,109:14003,15.52,27.30,
utig4-326,#FF8888,12415,64,12415:64,15.57,24.75,
utig4-327,#FF8888,214326,445,214326:445,15.78,28.57,
utig4-328,#8888FF,204,23458,204:23458,14.99,28.92,
utig4-329,#FF8888,125818,407,125818:407,15.20,27.53,
utig4-330,#8888FF,619,140820,619:140820,15.15,27.25,
utig4-331,#AAAAAA,0,22,0:22,7.00,2.20,
utig4-332,#AAAAAA,0,0,0:0,3.75,0.00,
utig4-333,#AAAAAA,0,0,0:0,5.00,0.00,
utig4-334,#AAAAAA,0,0,0:0,10.00,0.98,
utig4-335,#AAAAAA,0,0,0:0,0,0,
utig4-336,#AAAAAA,19,0,19:0,0,0,
utig4-337,#AAAAAA,77,0,77:0,3.00,73.93,
utig4-338,#AAAAAA,77,0,77:0,6.50,10.73,
utig4-339,#AAAAAA,77,0,77:0,0,0,
utig4-340,#AAAAAA,67,0,67:0,0,0,
utig4-341,#AAAAAA,65,0,65:0,12.75,38.31,
utig4-342,#AAAAAA,80,0,80:0,11.50,22.36,
utig4-343,#AAAAAA,77,0,77:0,0,0,
utig4-344,#AAAAAA,17,0,17:0,0,0,
utig4-345,#AAAAAA,17,0,17:0,0,0,
utig4-346,#AAAAAA,10,0,10:0,0,0,
utig4-347,#AAAAAA,82,0,82:0,7.25,10.58,
utig4-348,#AAAAAA,58,0,58:0,0,0,
utig4-349,#AAAAAA,67,0,67:0,0,0,
utig4-350,#AAAAAA,58,0,58:0,0,0,
utig4-351,#AAAAAA,0,34,0:34,11.19,38.02,
utig4-352,#AAAAAA,0,66,0:66,12.96,38.18,
utig4-353,#AAAAAA,0,24,0:24,0,0,
utig4-354,#AAAAAA,0,0,0:0,6.50,0.65,
utig4-355,#AAAAAA,0,0,0:0,2.50,0.00,
utig4-356,#AAAAAA,0,0,0:0,2.00,0.00,
utig4-357,#AAAAAA,0,0,0:0,2.00,0.00,
utig4-358,#AAAAAA,20,0,20:0,7.00,2.46,
utig4-359,#AAAAAA,0,16,0:16,6.00,28.88,
utig4-360,#AAAAAA,0,16,0:16,12.50,21.83,
utig4-361,#AAAAAA,0,0,0:0,4.08,0.00,
utig4-362,#AAAAAA,0,0,0:0,5.00,1.32,
utig4-363,#AAAAAA,0,0,0:0,2.00,0.00,
utig4-364,#AAAAAA,0,0,0:0,2.00,0.00,
utig4-365,#8888FF,0,216,0:216,16.00,13.85,
utig4-366,#AAAAAA,0,41,0:41,5.61,21.67,
utig4-367,#AAAAAA,0,41,0:41,16.50,10.75,
utig4-368,#8888FF,0,262,0:262,13.96,23.25,
utig4-369,#8888FF,0,229,0:229,15.80,32.95,
utig4-370,#AAAAAA,66,0,66:0,191.66,289.71,
utig4-371,#AAAAAA,86,0,86:0,19.00,62.09,
utig4-372,#AAAAAA,55,0,55:0,153.67,212.30,
utig4-373,#AAAAAA,78,0,78:0,340.62,1131.85,
utig4-374,#FF8888,121,0,121:0,38.00,131.50,
utig4-375,#AAAAAA,0,0,0:0,2.00,0.00,
utig4-376,#8888FF,793,343054,793:343054,17.34,27.52,
utig4-377,#AAAAAA,17,0,17:0,7.00,1.64,
utig4-378,#AAAAAA,3,0,3:0,10.00,3.46,
utig4-379,#AAAAAA,0,0,0:0,1.86,1.00,
utig4-380,#AAAAAA,1,0,1:0,8.88,48.96,
utig4-381,#FF8888,637,0,637:0,15.00,28.13,
utig4-382,#8888FF,29,1356,29:1356,15.02,23.57,
utig4-383,#FF8888,7942,552,7942:552,15.85,28.02,
utig4-384,#8888FF,22,12142,22:12142,16.24,28.85,
utig4-385,#FF8888,104237,279,104237:279,17.95,28.95,
utig4-386,#AAAAAA,1,4,1:4,14.67,14.51,
utig4-387,#AAAAAA,1,0,1:0,14.32,17.03,
utig4-388,#AAAAAA,0,16,0:16,12.92,31.21,
utig4-389,#AAAAAA,0,16,0:16,0,0,
utig4-390,#AAAAAA,0,0,0:0,7.10,3.63,
utig4-391,#8888FF,336,92364,336:92364,16.83,28.24,
utig4-392,#FF8888,371864,300,371864:300,17.63,30.24,
utig4-393,#8888FF,537,324575,537:324575,17.71,29.45,chr12
utig4-394,#FF8888,84342,156,84342:156,17.04,28.42,
utig4-395,#AAAAAA,0,0,0:0,7.50,0.29,
utig4-396,#AAAAAA,0,0,0:0,37.75,53.46,
utig4-397,#AAAAAA,0,30,0:30,9.50,20.56,
utig4-398,#AAAAAA,0,0,0:0,21.50,33.69,
utig4-399,#FF8888,24497,49,24497:49,18.42,29.09,
utig4-400,#8888FF,52,16557,52:16557,17.57,31.15,
utig4-401,#8888FF,0,531,0:531,14.44,25.80,
utig4-402,#8888FF,0,111,0:111,18.50,15.16,
utig4-403,#8888FF,0,219,0:219,0,0,
utig4-404,#AAAAAA,7,0,7:0,4.95,0.00,
utig4-405,#AAAAAA,45,0,45:0,7.00,2.73,
utig4-406,#AAAAAA,0,0,0:0,8.00,31.01,
utig4-407,#AAAAAA,0,0,0:0,22.50,21.60,
utig4-408,#AAAAAA,0,0,0:0,10.02,17.47,
utig4-409,#AAAAAA,0,0,0:0,8.62,30.89,
utig4-410,#AAAAAA,0,0,0:0,4.48,7.00,
utig4-411,#AAAAAA,0,0,0:0,6.51,21.33,
utig4-412,#AAAAAA,38,0,38:0,5.50,3.50,
utig4-413,#AAAAAA,0,0,0:0,0,0,
utig4-414,#AAAAAA,0,14,0:14,43.00,46.17,
utig4-415,#8888FF,0,186,0:186,25.63,26.35,
utig4-416,#AAAAAA,0,24,0:24,12.57,18.88,
utig4-417,#AAAAAA,0,57,0:57,13.00,37.02,
utig4-418,#AAAAAA,0,56,0:56,24.00,32.13,
utig4-419,#AAAAAA,0,0,0:0,12.50,2.35,
utig4-420,#AAAAAA,0,0,0:0,38.88,54.11,
utig4-421,#FF8888,88600,69,88600:69,17.83,30.53,
utig4-422,#8888FF,84,48239,84:48239,17.91,30.83,
utig4-423,#FF8888,106175,245,106175:245,18.50,30.97,
utig4-424,#8888FF,159,137454,159:137454,17.94,29.87,
utig4-425,#AAAAAA,21,0,21:0,0,0,
utig4-426,#AAAAAA,0,0,0:0,13.41,19.50,
utig4-427,#AAAAAA,0,0,0:0,11.00,0.00,
utig4-428,#AAAAAA,24,0,24:0,11.50,1.40,
utig4-429,#AAAAAA,10,0,10:0,37.67,45.39,
utig4-430,#AAAAAA,30,0,30:0,18.03,24.57,
utig4-431,#AAAAAA,0,88,0:88,14.74,21.50,
utig4-432,#FF8888,146049,174,146049:174,17.71,28.26,
utig4-433,#8888FF,341,133116,341:133116,17.78,28.64,
utig4-434,#AAAAAA,0,0,0:0,41.38,34.56,
utig4-435,#AAAAAA,0,0,0:0,19.50,26.92,
utig4-436,#AAAAAA,30,0,30:0,14.50,8.00,
utig4-437,#FF8888,97100,47,97100:47,17.36,30.01,
utig4-438,#8888FF,133,97504,133:97504,17.65,28.09,
utig4-439,#AAAAAA,0,0,0:0,21.00,46.94,
utig4-440,#AAAAAA,0,0,0:0,21.50,12.60,
utig4-441,#AAAAAA,13,0,13:0,10.67,20.24,
utig4-442,#AAAAAA,0,0,0:0,0,0,
utig4-443,#AAAAAA,0,19,0:19,37.36,66.82,
utig4-444,#FF8888,69186,174,69186:174,18.44,30.25,
utig4-445,#8888FF,271,72564,271:72564,18.28,29.25,
utig4-446,#8888FF,152,77940,152:77940,18.47,30.30,
utig4-447,#FF8888,85444,106,85444:106,18.28,30.30,
utig4-448,#AAAAAA,0,0,0:0,39.90,62.63,
utig4-449,#8888FF,137,135198,137:135198,17.63,29.20,
utig4-450,#FF8888,140938,110,140938:110,17.77,30.04,
utig4-451,#AAAAAA,0,0,0:0,37.82,51.06,
utig4-452,#FF8888,218632,164,218632:164,18.01,29.71,
utig4-453,#8888FF,309,262996,309:262996,17.98,29.66,chr13q
utig4-454,#8888FF,305,150611,305:150611,18.17,30.62,
utig4-455,#FF8888,216930,50,216930:50,18.36,29.41,
utig4-456,#AAAAAA,1,0,1:0,32.59,61.56,
utig4-457,#FF8888,211549,159,211549:159,17.54,28.86,
utig4-458,#8888FF,463,270684,463:270684,17.73,29.20,
utig4-459,#8888FF,56,59748,56:59748,17.86,31.33,
utig4-460,#FF8888,61039,29,61039:29,18.33,30.36,
utig4-461,#AAAAAA,0,0,0:0,33.37,59.59,
utig4-462,#8888FF,434,157032,434:157032,18.16,29.11,
utig4-463,#FF8888,170669,203,170669:203,18.18,28.88,
utig4-464,#FF8888,157078,135,157078:135,17.86,29.30,
utig4-465,#8888FF,181,154650,181:154650,17.57,29.44,
utig4-466,#AAAAAA,0,0,0:0,38.33,61.03,
utig4-467,#FF8888,45531,52,45531:52,18.38,29.94,
utig4-468,#8888FF,78,41415,78:41415,18.35,29.99,
utig4-469,#AAAAAA,5,0,5:0,0,0,
utig4-470,#FFFF00,35,97,35:97,0,0,
utig4-471,#AAAAAA,0,0,0:0,39.78,61.04,
utig4-472,#AAAAAA,0,0,0:0,13.75,54.00,
utig4-473,#AAAAAA,0,59,0:59,21.50,5.34,
utig4-474,#FF8888,484681,599,484681:599,18.20,29.92,chr4
utig4-475,#8888FF,789,480215,789:480215,18.16,30.23,
utig4-476,#AAAAAA,10,0,10:0,33.38,48.38,
utig4-477,#FF8888,94736,191,94736:191,18.22,28.55,
utig4-478,#8888FF,267,115002,267:115002,17.97,29.03,
utig4-479,#8888FF,368,95644,368:95644,17.73,28.41,
utig4-480,#AAAAAA,0,0,0:0,32.90,55.10,
utig4-481,#FF8888,133677,170,133677:170,16.75,28.69,
utig4-482,#8888FF,411,136341,411:136341,16.88,28.77,
utig4-483,#8888FF,255,61435,255:61435,15.87,27.56,
utig4-484,#FF8888,36185,77,36185:77,16.21,28.68,
utig4-485,#AAAAAA,0,0,0:0,0.00,0,
utig4-486,#AAAAAA,0,0,0:0,0.00,0,
utig4-487,#FF8888,199,0,199:0,15.07,0,
utig4-488,#AAAAAA,0,0,0:0,32.00,63.41,
utig4-489,#FF8888,92884,127,92884:127,18.21,29.95,
utig4-490,#8888FF,162,104086,162:104086,18.10,29.75,
utig4-491,#FF8888,225426,170,225426:170,17.94,29.15,
utig4-492,#8888FF,326,185744,326:185744,17.93,28.67,
utig4-493,#AAAAAA,0,0,0:0,39.49,49.88,
utig4-494,#8888FF,421,322765,421:322765,18.35,29.80,
utig4-495,#FF8888,251066,228,251066:228,18.25,29.24,
utig4-496,#FF8888,59225,85,59225:85,16.18,29.87,
utig4-497,#8888FF,218,102180,218:102180,16.49,30.97,
utig4-498,#AAAAAA,0,0,0:0,34.02,57.73,
utig4-499,#8888FF,442,178835,442:178835,16.32,26.19,
utig4-500,#FF8888,145609,249,145609:249,16.62,26.57,
utig4-501,#AAAAAA,0,0,0:0,2.44,0.00,
utig4-502,#AAAAAA,0,0,0:0,0,0,
utig4-503,#AAAAAA,7,0,7:0,5.67,306.38,
utig4-504,#AAAAAA,7,0,7:0,45.44,133.88,
utig4-505,#AAAAAA,7,0,7:0,11.50,15.64,
utig4-506,#AAAAAA,7,0,7:0,13.50,8.78,
utig4-507,#FF8888,116392,7,116392:7,15.17,32.41,
utig4-508,#AAAAAA,0,0,0:0,0,0,
utig4-509,#AAAAAA,28,0,28:0,10.00,20.73,
utig4-510,#AAAAAA,7,0,7:0,8.00,47.92,
utig4-511,#AAAAAA,7,0,7:0,0,0,
utig4-512,#AAAAAA,30,0,30:0,0,0,
utig4-513,#AAAAAA,7,0,7:0,0,0,
utig4-514,#AAAAAA,0,0,0:0,4.00,12.01,
utig4-515,#AAAAAA,0,0,0:0,34.95,57.80,
utig4-516,#8888FF,49,50402,49:50402,17.79,32.58,
utig4-517,#FF8888,50721,97,50721:97,17.65,30.12,
utig4-518,#8888FF,339,173369,339:173369,17.72,30.21,
utig4-519,#FF8888,202122,313,202122:313,17.77,29.80,
utig4-520,#AAAAAA,1,1,1:1,38.15,64.55,
utig4-521,#FF8888,40044,109,40044:109,18.10,29.93,
utig4-522,#8888FF,42,38796,42:38796,18.14,28.77,
utig4-523,#FF8888,68551,71,68551:71,18.62,30.13,
utig4-524,#8888FF,205,64098,205:64098,19.23,31.71,
utig4-525,#AAAAAA,0,0,0:0,39.52,59.71,
utig4-526,#8888FF,125,141848,125:141848,18.09,30.45,
utig4-527,#FF8888,101137,136,101137:136,17.90,30.65,
utig4-528,#AAAAAA,0,0,0:0,20.50,18.94,
utig4-529,#AAAAAA,0,59,0:59,19.50,45.34,
utig4-530,#AAAAAA,0,0,0:0,9.16,11.85,
utig4-531,#FF8888,320489,325,320489:325,17.39,28.15,
utig4-532,#FF8888,20141,150,20141:150,17.72,28.82,
utig4-533,#AAAAAA,21,10,21:10,34.42,56.39,
utig4-534,#FF8888,226623,296,226623:296,17.75,28.60,
utig4-535,#8888FF,429,260390,429:260390,17.92,29.78,chr9
utig4-536,#8888FF,379,153765,379:153765,17.40,28.35,
utig4-537,#FF8888,133708,194,133708:194,17.15,28.79,
utig4-538,#FF8888,153012,108,153012:108,17.73,29.46,
utig4-539,#AAAAAA,0,0,0:0,2.57,1.25,
utig4-540,#AAAAAA,0,0,0:0,0,0,
utig4-541,#FF8888,3738,0,3738:0,17.34,28.91,
utig4-542,#AAAAAA,0,0,0:0,0,0,
utig4-543,#AAAAAA,29,0,29:0,10.87,14.50,
utig4-544,#AAAAAA,13,0,13:0,12.25,16.89,
utig4-545,#AAAAAA,41,0,41:0,10.00,13.33,
utig4-546,#AAAAAA,13,0,13:0,8.50,16.23,
utig4-547,#AAAAAA,0,0,0:0,6.55,11.35,
utig4-548,#AAAAAA,33,0,33:0,10.00,7.26,
utig4-549,#AAAAAA,0,0,0:0,0,0,
utig4-550,#AAAAAA,0,0,0:0,14.67,37.10,
utig4-551,#AAAAAA,0,0,0:0,2.61,10.00,
utig4-552,#AAAAAA,0,0,0:0,2.46,9.55,
utig4-553,#AAAAAA,0,0,0:0,8.11,19.51,
utig4-554,#AAAAAA,0,0,0:0,0,0,
utig4-555,#AAAAAA,5,0,5:0,12.50,7.43,
utig4-556,#AAAAAA,7,0,7:0,21.00,25.60,
utig4-557,#AAAAAA,0,0,0:0,4.10,24.94,
utig4-558,#AAAAAA,0,0,0:0,0,0,
utig4-559,#AAAAAA,0,0,0:0,4.78,15.05,
utig4-560,#AAAAAA,0,0,0:0,0,0,
utig4-561,#AAAAAA,0,0,0:0,0,0,
utig4-562,#AAAAAA,0,0,0:0,0,0,
utig4-563,#AAAAAA,0,0,0:0,0,0,
utig4-564,#8888FF,627,267757,627:267757,17.69,28.07,
utig4-565,#8888FF,128,2165,128:2165,17.87,29.71,
utig4-566,#FF8888,3358,7,3358:7,17.21,29.05,
utig4-567,#FF8888,245194,273,245194:273,17.70,28.34,chr15q
utig4-568,#AAAAAA,0,0,0:0,0,0,
utig4-569,#AAAAAA,20,0,20:0,8.64,32.69,
utig4-570,#AAAAAA,0,0,0:0,3.84,23.02,
utig4-571,#AAAAAA,0,30,0:30,0,0,
utig4-572,#AAAAAA,0,0,0:0,3.14,5.75,
utig4-573,#AAAAAA,7,19,7:19,10.25,57.01,
utig4-574,#AAAAAA,12,0,12:0,13.25,24.74,
utig4-575,#AAAAAA,7,8,7:8,9.93,30.26,
utig4-576,#AAAAAA,7,0,7:0,0,0,
utig4-577,#AAAAAA,7,0,7:0,12.50,47.01,
utig4-578,#AAAAAA,7,25,7:25,8.71,14.29,
utig4-579,#AAAAAA,25,0,25:0,21.50,31.60,
utig4-580,#AAAAAA,7,28,7:28,7.20,14.40,
utig4-581,#AAAAAA,0,0,0:0,5.30,11.11,
utig4-582,#AAAAAA,7,0,7:0,23.62,106.08,
utig4-583,#AAAAAA,0,0,0:0,0,0,
utig4-584,#AAAAAA,7,0,7:0,9.00,50.67,
utig4-585,#AAAAAA,0,0,0:0,0,0,
utig4-586,#AAAAAA,39,0,39:0,4.93,23.73,
utig4-587,#AAAAAA,7,0,7:0,0,0,
utig4-588,#AAAAAA,7,0,7:0,0,0,
utig4-589,#AAAAAA,87,0,87:0,24.50,47.27,
utig4-590,#AAAAAA,7,0,7:0,0,0,
utig4-591,#AAAAAA,0,30,0:30,0,0,
utig4-592,#AAAAAA,0,0,0:0,0,0,
utig4-593,#AAAAAA,0,0,0:0,0,0,
utig4-594,#AAAAAA,0,0,0:0,3.74,53.79,
utig4-595,#AAAAAA,0,0,0:0,0,0,
utig4-596,#AAAAAA,0,0,0:0,3.00,31.00,
utig4-597,#AAAAAA,0,0,0:0,2.33,21.26,
utig4-598,#AAAAAA,45,0,45:0,17.00,24.53,
utig4-599,#AAAAAA,45,0,45:0,0,0,
utig4-600,#AAAAAA,55,0,55:0,22.00,60.31,
utig4-601,#8888FF,34,487107,34:487107,15.20,27.64,
utig4-602,#AAAAAA,7,0,7:0,20.10,63.53,
utig4-603,#8888FF,0,147,0:147,14.76,42.75,
utig4-604,#AAAAAA,0,93,0:93,12.33,27.21,
utig4-605,#8888FF,0,121,0:121,11.00,20.96,
utig4-606,#8888FF,0,231,0:231,26.21,36.58,
utig4-607,#8888FF,0,1091,0:1091,12.86,25.84,
utig4-608,#AAAAAA,0,19,0:19,10.86,9.77,
utig4-609,#AAAAAA,0,0,0:0,20.25,43.37,
utig4-610,#8888FF,31,9091,31:9091,18.35,27.22,
utig4-611,#FF8888,14042,23,14042:23,17.82,28.97,
utig4-612,#FF8888,38715,56,38715:56,16.92,29.16,
utig4-613,#8888FF,155,41319,155:41319,17.34,28.50,
utig4-614,#AAAAAA,56,0,56:0,17.00,15.84,
utig4-615,#AAAAAA,0,0,0:0,0,0,
utig4-616,#AAAAAA,30,0,30:0,6.89,42.30,
utig4-617,#AAAAAA,0,0,0:0,10.00,24.84,
utig4-618,#AAAAAA,51,0,51:0,11.67,39.75,
utig4-619,#AAAAAA,0,0,0:0,3.37,32.80,
utig4-620,#AAAAAA,0,0,0:0,0,0,
utig4-621,#8888FF,126,12393,126:12393,14.98,23.10,
utig4-622,#FF8888,476,0,476:0,0,0,
utig4-623,#FF8888,357,0,357:0,8.98,16.67,
utig4-624,#AAAAAA,0,0,0:0,0,0,
utig4-625,#AAAAAA,6,0,6:0,8.00,35.67,
utig4-626,#AAAAAA,0,0,0:0,0,0,
utig4-627,#AAAAAA,0,0,0:0,10.00,13.29,
utig4-628,#AAAAAA,0,0,0:0,36.60,51.19,
utig4-629,#AAAAAA,0,14,0:14,12.50,21.00,
utig4-630,#AAAAAA,0,0,0:0,19.50,31.84,
utig4-631,#8888FF,0,138,0:138,16.04,30.06,
utig4-632,#AAAAAA,0,85,0:85,4.74,7.45,
utig4-633,#8888FF,0,259,0:259,14.92,21.57,
utig4-634,#8888FF,0,229,0:229,0,0,
utig4-635,#8888FF,0,496,0:496,16.65,24.61,
utig4-636,#AAAAAA,7,0,7:0,0,0,
utig4-637,#AAAAAA,45,0,45:0,9.00,17.19,
utig4-638,#AAAAAA,36,0,36:0,24.50,22.96,
utig4-639,#AAAAAA,7,0,7:0,0,0,
utig4-640,#AAAAAA,7,0,7:0,0,0,
utig4-641,#AAAAAA,55,0,55:0,0,0,
utig4-642,#AAAAAA,56,0,56:0,0,0,
utig4-643,#8888FF,189,38773,189:38773,16.96,27.62,
utig4-644,#8888FF,0,149,0:149,16.71,36.96,
utig4-645,#8888FF,108,19777,108:19777,17.01,27.14,
utig4-646,#AAAAAA,0,0,0:0,0,0,
utig4-647,#AAAAAA,36,0,36:0,28.09,44.45,
utig4-648,#AAAAAA,0,0,0:0,0,0,
utig4-649,#AAAAAA,5,0,5:0,8.00,10.62,
utig4-650,#AAAAAA,0,0,0:0,2.37,14.30,
utig4-651,#AAAAAA,14,0,14:0,14.09,24.49,
utig4-652,#AAAAAA,0,0,0:0,14.44,27.50,
utig4-653,#FF8888,9168,11,9168:11,15.92,29.24,
utig4-654,#FF8888,2152,72,2152:72,14.53,21.99,
utig4-655,#8888FF,8,3098,8:3098,14.37,19.98,
utig4-656,#AAAAAA,0,0,0:0,0,0,
utig4-657,#AAAAAA,24,0,24:0,0,0,
utig4-658,#AAAAAA,24,0,24:0,0,0,
utig4-659,#AAAAAA,56,0,56:0,0,0,
utig4-660,#AAAAAA,36,0,36:0,0,0,
utig4-661,#AAAAAA,53,0,53:0,0,0,
utig4-662,#AAAAAA,27,0,27:0,0,0,
utig4-663,#AAAAAA,27,0,27:0,0,0,
utig4-664,#FF8888,195986,295,195986:295,17.17,29.00,
utig4-665,#AAAAAA,29,0,29:0,14.19,23.07,
utig4-666,#AAAAAA,48,0,48:0,14.68,17.51,
utig4-667,#8888FF,602,205219,602:205219,17.50,28.11,
utig4-668,#8888FF,157,92137,157:92137,16.67,27.35,
utig4-669,#AAAAAA,0,0,0:0,0,0,
utig4-670,#AAAAAA,18,0,18:0,0,0,
utig4-671,#AAAAAA,60,0,60:0,6.82,12.45,
utig4-672,#AAAAAA,13,0,13:0,0,0,
utig4-673,#AAAAAA,0,0,0:0,8.47,14.48,
utig4-674,#AAAAAA,18,0,18:0,0,0,
utig4-675,#AAAAAA,18,0,18:0,0,0,
utig4-676,#AAAAAA,0,0,0:0,0,0,
utig4-677,#AAAAAA,16,0,16:0,0,0,
utig4-678,#AAAAAA,0,0,0:0,0,0,
utig4-679,#AAAAAA,0,32,0:32,21.50,21.66,
utig4-680,#AAAAAA,0,0,0:0,0,0,
utig4-681,#AAAAAA,0,32,0:32,0,0,
utig4-682,#AAAAAA,0,32,0:32,0,0,
utig4-683,#AAAAAA,0,32,0:32,18.00,32.17,
utig4-684,#8888FF,3,5304,3:5304,30.90,53.75,
utig4-685,#AAAAAA,0,23,0:23,8.00,22.89,
utig4-686,#AAAAAA,0,23,0:23,14.50,25.92,
utig4-687,#AAAAAA,0,5,0:5,9.61,19.44,
utig4-688,#AAAAAA,0,5,0:5,13.50,23.97,
utig4-689,#AAAAAA,0,43,0:43,0,0,
utig4-690,#8888FF,0,120,0:120,12.50,8.98,
utig4-691,#8888FF,0,120,0:120,14.00,24.94,
utig4-692,#AAAAAA,0,43,0:43,8.96,22.58,
utig4-693,#AAAAAA,0,43,0:43,8.33,15.12,
utig4-694,#AAAAAA,19,1,19:1,39.36,57.65,
utig4-695,#8888FF,73,52785,73:52785,18.02,30.91,
utig4-696,#FF8888,44125,85,44125:85,18.26,30.57,
utig4-697,#8888FF,367,201424,367:201424,17.52,29.14,
utig4-698,#8888FF,10,14437,10:14437,16.00,29.45,
utig4-699,#AAAAAA,19,0,19:0,0,0,
utig4-700,#AAAAAA,38,0,38:0,0,0,
utig4-701,#AAAAAA,55,0,55:0,0,0,
utig4-702,#AAAAAA,26,0,26:0,0,0,
utig4-703,#AAAAAA,24,0,24:0,0,0,
utig4-704,#AAAAAA,55,0,55:0,0,0,
utig4-705,#AAAAAA,55,0,55:0,0,0,
utig4-706,#AAAAAA,0,0,0:0,14.50,14.95,
utig4-707,#AAAAAA,0,30,0:30,0,0,
utig4-708,#FF8888,7679,63,7679:63,15.38,26.33,
utig4-709,#8888FF,14,7537,14:7537,15.15,28.91,
utig4-710,#8888FF,604,195820,604:195820,17.25,29.14,
utig4-711,#FF8888,235390,345,235390:345,17.17,28.37,
utig4-712,#AAAAAA,24,0,24:0,0,0,
utig4-713,#AAAAAA,34,0,34:0,8.00,24.30,
utig4-714,#AAAAAA,58,0,58:0,0,0,
utig4-715,#AAAAAA,92,0,92:0,8.00,35.53,
utig4-716,#AAAAAA,58,0,58:0,4.00,54.25,
utig4-717,#FF8888,111,0,111:0,6.93,20.06,
utig4-718,#FF8888,94438,0,94438:0,14.56,40.81,
utig4-719,#AAAAAA,0,9,0:9,0,0,
utig4-720,#AAAAAA,0,0,0:0,19.50,6.53,
utig4-721,#FF8888,27483,24,27483:24,18.28,27.40,
utig4-722,#AAAAAA,0,0,0:0,0,0,
utig4-723,#AAAAAA,0,0,0:0,130.75,553.06,
utig4-724,#AAAAAA,0,0,0:0,0,0,
utig4-725,#AAAAAA,0,0,0:0,0,0,
utig4-726,#AAAAAA,0,0,0:0,0,0,
utig4-727,#AAAAAA,0,0,0:0,0,0,
utig4-728,#AAAAAA,0,0,0:0,25.00,50.70,
utig4-729,#AAAAAA,6,0,6:0,15.50,50.90,
utig4-730,#FF8888,101291,79,101291:79,18.76,29.15,
utig4-731,#FF8888,19240,36,19240:36,14.52,26.76,
utig4-732,#AAAAAA,0,0,0:0,13.00,50.74,
utig4-733,#AAAAAA,16,0,16:0,0,0,
utig4-734,#AAAAAA,16,0,16:0,0,0,
utig4-735,#AAAAAA,0,0,0:0,0,0,
utig4-736,#AAAAAA,16,0,16:0,0,0,
utig4-737,#FF8888,129483,130,129483:130,16.57,26.97,
utig4-738,#AAAAAA,25,0,25:0,3.00,6.13,
utig4-739,#AAAAAA,25,0,25:0,3.00,0.00,
utig4-740,#AAAAAA,2,0,2:0,33.05,64.06,
utig4-741,#8888FF,49,18752,49:18752,18.21,30.96,
utig4-742,#FF8888,27116,2,27116:2,18.60,30.20,
utig4-743,#8888FF,67,82779,67:82779,17.75,28.70,
utig4-744,#FF8888,47780,110,47780:110,18.08,29.90,
utig4-745,#FF8888,13028,8,13028:8,12.38,27.95,
utig4-746,#AAAAAA,22,0,22:0,14.00,43.55,
utig4-747,#FF8888,13751,15,13751:15,13.52,23.01,
utig4-748,#8888FF,195,8591,195:8591,14.04,26.72,
utig4-749,#8888FF,127,19461,127:19461,14.30,25.29,
utig4-750,#FF8888,14388,83,14388:83,14.66,24.16,
utig4-751,#8888FF,84,26301,84:26301,17.24,29.28,
utig4-752,#FF8888,71520,145,71520:145,17.07,27.62,
utig4-753,#AAAAAA,0,64,0:64,16.00,41.71,
utig4-754,#AAAAAA,30,5,30:5,23.33,17.38,
utig4-755,#FF8888,13893,39,13893:39,17.59,30.38,
utig4-756,#8888FF,19,19614,19:19614,17.05,29.81,
utig4-757,#8888FF,216,48291,216:48291,16.70,28.67,
utig4-758,#8888FF,13,13750,13:13750,17.48,30.94,
utig4-759,#FF8888,20122,1,20122:1,17.16,29.10,
utig4-760,#8888FF,77,16820,77:16820,12.33,30.03,
utig4-761,#8888FF,44,8720,44:8720,11.11,30.01,
utig4-762,#FF8888,6930,7,6930:7,9.89,29.26,
utig4-763,#FF8888,255710,363,255710:363,18.03,29.02,
utig4-764,#FF8888,26366,39,26366:39,17.75,29.27,
utig4-765,#8888FF,60,30687,60:30687,17.65,29.03,
utig4-766,#8888FF,398,238304,398:238304,17.95,29.17,chr18
utig4-767,#FF8888,382323,415,382323:415,17.38,28.99,
utig4-768,#8888FF,0,1160,0:1160,26.97,49.71,
utig4-769,#FF8888,11696,78,11696:78,16.32,30.17,chr15p
utig4-770,#AAAAAA,27,4,27:4,3.00,0.00,
utig4-771,#AAAAAA,6,4,6:4,19.00,0.00,
utig4-772,#8888FF,655,117574,655:117574,16.16,26.97,
utig4-773,#FF8888,49777,78,49777:78,16.79,28.47,
utig4-774,#8888FF,179,68507,179:68507,16.87,28.07,
utig4-775,#FF8888,63747,202,63747:202,15.20,25.98,
utig4-776,#8888FF,0,324,0:324,22.72,37.80,
utig4-777,#8888FF,0,226,0:226,10.88,23.21,
utig4-778,#8888FF,0,215,0:215,13.63,15.85,
utig4-779,#8888FF,0,138,0:138,16.00,28.17,
utig4-780,#8888FF,0,141,0:141,16.00,34.14,
utig4-781,#8888FF,0,212,0:212,13.00,19.33,
utig4-782,#8888FF,0,141,0:141,0,0,
utig4-783,#8888FF,0,141,0:141,18.00,18.06,
utig4-784,#8888FF,219,132360,219:132360,17.22,27.74,
utig4-785,#8888FF,588,336065,588:336065,17.53,28.47,
utig4-786,#FF8888,361579,381,361579:381,17.56,28.85,
utig4-787,#8888FF,0,147,0:147,29.13,37.09,
utig4-788,#8888FF,0,233,0:233,8.70,17.25,
utig4-789,#FF8888,256600,196,256600:196,18.32,30.03,
utig4-790,#AAAAAA,57,10,57:10,19.92,29.48,
utig4-791,#AAAAAA,0,0,0:0,6.56,8.24,
utig4-792,#8888FF,0,150003,0:150003,12.26,50.12,
utig4-793,#8888FF,0,33307,0:33307,10.60,50.08,
utig4-794,#8888FF,4,831227,4:831227,15.05,39.06,
utig4-795,#8888FF,0,9190482,0:9190482,15.42,36.28,chrY
utig4-796,#8888FF,0,26055,0:26055,19.17,15.20,
utig4-797,#8888FF,0,915451,0:915451,17.48,29.00,
utig4-798,#FF8888,176696,250,176696:250,18.03,29.71,
utig4-799,#FF8888,23692,21,23692:21,17.01,29.77,
utig4-800,#AAAAAA,0,29,0:29,15.00,9.47,
utig4-801,#AAAAAA,3,0,3:0,33.80,50.93,
utig4-802,#FF8888,267571,157,267571:157,16.33,27.01,
utig4-803,#8888FF,73,27538,73:27538,15.76,25.79,
utig4-804,#AAAAAA,0,27,0:27,24.25,15.05,
utig4-805,#AAAAAA,29,0,29:0,14.75,40.05,
utig4-806,#8888FF,0,519,0:519,0,0,
utig4-807,#8888FF,5,16689,5:16689,15.98,24.47,
utig4-808,#8888FF,0,466,0:466,0,0,
utig4-809,#AAAAAA,0,0,0:0,0,0,
utig4-810,#AAAAAA,0,28,0:28,7.00,16.76,
utig4-811,#AAAAAA,0,4,0:4,7.00,28.68,
utig4-812,#AAAAAA,0,0,0:0,8.50,17.37,
utig4-813,#AAAAAA,0,0,0:0,13.00,18.87,
utig4-814,#AAAAAA,0,0,0:0,0,0,
utig4-815,#AAAAAA,0,0,0:0,0,0,
utig4-816,#8888FF,75,10889748,75:10889748,17.47,29.19,
utig4-817,#FF8888,1039819,81,1039819:81,17.53,29.68,chrX
utig4-818,#FF8888,13189,84,13189:84,16.02,26.92,
utig4-819,#AAAAAA,30,0,30:0,0,0,
utig4-820,#FFFF00,32,158,32:158,16.68,24.91,
utig4-821,#AAAAAA,62,0,62:0,15.96,26.79,
utig4-822,#FF8888,171389,104,171389:104,17.57,28.52,
utig4-823,#8888FF,355,179718,355:179718,17.52,29.15,
utig4-824,#FF8888,338346,3773,338346:3773,17.16,28.21,chr14q
utig4-825,#FF8888,7278,18,7278:18,15.19,25.85,
utig4-826,#8888FF,575,7499,575:7499,17.21,29.49,
utig4-827,#8888FF,24,2585,24:2585,14.28,25.66,
utig4-828,#FF8888,2916,35,2916:35,13.44,21.31,
utig4-829,#AAAAAA,34,0,34:0,13.00,60.79,
utig4-830,#AAAAAA,0,0,0:0,0,0,
utig4-831,#AAAAAA,9,0,9:0,0,0,
utig4-832,#AAAAAA,0,0,0:0,12.00,9.88,
utig4-833,#AAAAAA,0,4,0:4,14.00,12.11,
utig4-834,#AAAAAA,0,0,0:0,0,0,
utig4-835,#AAAAAA,0,0,0:0,3.93,39.76,
utig4-836,#AAAAAA,0,3,0:3,7.93,17.29,
utig4-837,#AAAAAA,0,0,0:0,7.09,8.93,
utig4-838,#AAAAAA,38,0,38:0,31.25,157.28,
utig4-839,#AAAAAA,0,0,0:0,18.29,80.61,
utig4-840,#AAAAAA,0,0,0:0,5.30,13.08,
utig4-841,#AAAAAA,0,0,0:0,9.95,33.15,
utig4-842,#AAAAAA,0,0,0:0,14.33,25.10,
utig4-843,#AAAAAA,38,0,38:0,29.00,66.66,
utig4-844,#AAAAAA,9,0,9:0,0,0,
utig4-845,#AAAAAA,7,0,7:0,11.42,49.21,
utig4-846,#FF8888,438139,19,438139:19,17.61,29.51,chrX
utig4-847,#AAAAAA,0,90,0:90,0,0,
utig4-848,#AAAAAA,56,0,56:0,5.98,23.30,
utig4-849,#AAAAAA,67,0,67:0,8.50,16.02,
utig4-850,#AAAAAA,56,0,56:0,15.00,30.78,
utig4-851,#AAAAAA,17,0,17:0,0,0,
utig4-852,#AAAAAA,17,0,17:0,0,0,
utig4-853,#AAAAAA,39,0,39:0,7.00,9.66,
utig4-854,#AAAAAA,54,0,54:0,6.91,32.97,
utig4-855,#AAAAAA,27,0,27:0,11.21,22.13,
utig4-856,#FF8888,145,0,145:0,9.50,29.98,
utig4-857,#AAAAAA,56,0,56:0,13.50,20.95,
utig4-858,#AAAAAA,27,0,27:0,7.50,33.23,
utig4-859,#AAAAAA,29,0,29:0,0,0,
utig4-860,#AAAAAA,19,0,19:0,0,0,
utig4-861,#AAAAAA,77,0,77:0,0,0,
utig4-862,#AAAAAA,96,0,96:0,0,0,
utig4-863,#AAAAAA,36,0,36:0,0,0,
utig4-864,#AAAAAA,29,0,29:0,0,0,
utig4-865,#AAAAAA,3,24,3:24,35.05,63.02,
utig4-866,#FF8888,35118,49,35118:49,18.21,28.18,
utig4-867,#8888FF,73,47464,73:47464,18.57,29.83,
utig4-868,#FF8888,14779,61,14779:61,18.84,28.85,
utig4-869,#8888FF,54,11140,54:11140,18.22,29.07,
utig4-870,#8888FF,0,231,0:231,21.80,56.07,
utig4-871,#8888FF,0,879,0:879,19.40,32.29,
utig4-872,#8888FF,0,697,0:697,11.73,21.62,
utig4-873,#AAAAAA,0,99,0:99,13.00,22.73,
utig4-874,#AAAAAA,0,68,0:68,0,0,
utig4-875,#AAAAAA,0,77,0:77,3.50,5.97,
utig4-876,#FF8888,1369,20,1369:20,21.62,28.85,
utig4-877,#FF8888,129364,155,129364:155,17.92,29.40,
utig4-878,#8888FF,212,129226,212:129226,18.05,31.10,
utig4-879,#8888FF,12,928,12:928,19.00,29.92,
utig4-880,#8888FF,50,39420,50:39420,17.45,27.55,
utig4-881,#FF8888,63313,41,63313:41,17.11,28.45,
utig4-882,#AAAAAA,43,0,43:0,273.63,391.84,
utig4-883,#FF8888,294248,298,294248:298,17.75,28.38,chr16
utig4-884,#8888FF,27,676,27:676,17.85,26.48,
utig4-885,#FF8888,3211,0,3211:0,15.40,25.05,
utig4-886,#FF8888,183,1,183:1,13.81,28.46,
utig4-887,#AAAAAA,0,91,0:91,14.11,26.65,
utig4-888,#AAAAAA,59,0,59:0,14.20,26.78,
utig4-889,#AAAAAA,0,0,0:0,15.74,35.14,
utig4-890,#AAAAAA,0,0,0:0,0,0,
utig4-891,#AAAAAA,0,0,0:0,0,0,
utig4-892,#FF8888,2185,16,2185:16,13.27,20.24,
utig4-893,#8888FF,0,142,0:142,12.95,23.26,
utig4-894,#AAAAAA,0,96,0:96,15.10,26.72,
utig4-895,#8888FF,47,21423,47:21423,19.29,29.87,
utig4-896,#FF8888,13072,0,13072:0,17.83,29.76,
utig4-897,#FF8888,74172,189,74172:189,17.46,29.30,
utig4-898,#8888FF,215,70723,215:70723,17.45,28.61,
utig4-899,#AAAAAA,0,32,0:32,9.39,4.33,
utig4-900,#8888FF,28,12131,28:12131,15.60,23.18,
utig4-901,#FF8888,116636,381,116636:381,15.33,26.21,
utig4-902,#8888FF,460,106857,460:106857,15.49,25.99,
utig4-903,#8888FF,787,104966,787:104966,14.91,27.21,
utig4-904,#FF8888,120298,318,120298:318,14.53,27.17,
utig4-905,#FF8888,106,0,106:0,19.17,40.71,
utig4-906,#8888FF,409,273303,409:273303,18.11,29.51,
utig4-907,#FF8888,235209,361,235209:361,16.68,27.24,
utig4-908,#AAAAAA,0,9,0:9,2.97,17.69,
utig4-909,#8888FF,0,490,0:490,18.25,20.53,
utig4-910,#AAAAAA,0,51,0:51,12.50,8.60,
utig4-911,#AAAAAA,0,20,0:20,0,0,
utig4-912,#AAAAAA,0,27,0:27,0,0,
utig4-913,#AAAAAA,0,35,0:35,6.05,8.65,
utig4-914,#8888FF,0,176,0:176,14.44,25.92,
utig4-915,#AAAAAA,0,69,0:69,0,0,
utig4-916,#AAAAAA,0,0,0:0,37.52,59.72,
utig4-917,#8888FF,38,46405,38:46405,17.85,29.28,
utig4-918,#FF8888,43766,98,43766:98,17.90,30.73,
utig4-919,#FF8888,128510,185,128510:185,16.65,29.74,
utig4-920,#8888FF,266,111256,266:111256,17.08,28.91,
utig4-921,#AAAAAA,0,0,0:0,0,0,
utig4-922,#AAAAAA,0,0,0:0,12.03,23.02,
utig4-923,#AAAAAA,0,0,0:0,0,0,
utig4-924,#AAAAAA,6,0,6:0,17.11,25.52,
utig4-925,#FF8888,9029,62,9029:62,14.41,30.19,
utig4-926,#AAAAAA,0,0,0:0,0,0,
utig4-927,#AAAAAA,0,0,0:0,0,0,
utig4-928,#AAAAAA,0,0,0:0,0,0,
utig4-929,#AAAAAA,0,0,0:0,14.75,21.80,
utig4-930,#8888FF,0,12205,0:12205,14.49,35.72,
utig4-931,#8888FF,344,285836,344:285836,16.57,28.28,chr20
utig4-932,#AAAAAA,0,0,0:0,0,0,
utig4-933,#8888FF,0,176,0:176,14.40,27.49,
utig4-934,#FF8888,103,0,103:0,0,0,
utig4-935,#FF8888,148,0,148:0,9.53,16.21,
utig4-936,#AAAAAA,10,0,10:0,12.00,7.28,
utig4-937,#AAAAAA,17,0,17:0,0,0,
utig4-938,#AAAAAA,24,0,24:0,0,0,
utig4-939,#AAAAAA,7,0,7:0,0,0,
utig4-940,#AAAAAA,0,2,0:2,10.00,48.27,
utig4-941,#AAAAAA,0,13,0:13,0,0,
utig4-942,#AAAAAA,0,13,0:13,13.00,10.92,
utig4-943,#8888FF,0,142,0:142,15.35,28.13,
utig4-944,#8888FF,0,289,0:289,12.83,27.20,
utig4-945,#8888FF,0,328,0:328,11.63,27.29,
utig4-946,#8888FF,0,105,0:105,0,0,
utig4-947,#8888FF,0,487,0:487,19.40,28.99,
utig4-948,#8888FF,0,2644,0:2644,18.73,32.62,
utig4-949,#AAAAAA,0,60,0:60,16.46,33.58,
utig4-950,#8888FF,0,20819,0:20819,19.41,30.70,
utig4-951,#AAAAAA,26,0,26:0,35.45,59.56,
utig4-952,#FF8888,185645,274,185645:274,18.36,29.65,
utig4-953,#8888FF,371,239459,371:239459,17.94,30.84,
utig4-954,#8888FF,0,443,0:443,0,0,
utig4-955,#AAAAAA,0,0,0:0,0,0,
utig4-956,#AAAAAA,0,0,0:0,4.35,101.41,
utig4-957,#AAAAAA,17,0,17:0,12.75,24.13,
utig4-958,#AAAAAA,47,0,47:0,14.77,37.03,
utig4-959,#8888FF,0,5860,0:5860,18.08,29.01,
utig4-960,#FF8888,9071,15,9071:15,18.57,32.78,
utig4-961,#AAAAAA,0,94,0:94,0,0,
utig4-962,#8888FF,367,182818,367:182818,16.73,26.51,
utig4-963,#FF8888,150288,115,150288:115,17.41,28.50,chr21
utig4-964,#8888FF,17,349005,17:349005,15.64,26.82,
utig4-965,#AAAAAA,0,0,0:0,14.40,9.01,
utig4-966,#AAAAAA,0,18,0:18,14.00,16.73,
utig4-967,#AAAAAA,72,0,72:0,29.37,34.65,
utig4-968,#AAAAAA,0,0,0:0,22.50,97.49,
utig4-969,#8888FF,139,42564,139:42564,17.64,26.35,
utig4-970,#8888FF,52,38605,52:38605,16.99,27.02,
utig4-971,#8888FF,644,238569,644:238569,17.34,28.84,chr2
utig4-972,#8888FF,58,22148,58:22148,17.19,28.33,
utig4-973,#FF8888,200206,118,200206:118,17.55,28.31,
utig4-974,#AAAAAA,0,0,0:0,0,0,
utig4-975,#FF8888,6865,0,6865:0,13.79,25.67,
utig4-976,#FF8888,237593,87,237593:87,14.45,26.68,
utig4-977,#8888FF,103,143106,103:143106,14.69,28.01,
utig4-978,#FF8888,20402,9,20402:9,16.86,31.08,
utig4-979,#8888FF,63,18057,63:18057,17.45,30.45,
utig4-980,#FF8888,156471,170,156471:170,15.93,27.08,
utig4-981,#AAAAAA,20,0,20:0,21.50,41.72,
utig4-982,#FF8888,73145,66,73145:66,17.74,31.09,
utig4-983,#8888FF,160,62781,160:62781,18.04,30.71,
utig4-984,#AAAAAA,2,30,2:30,21.00,15.11,
utig4-985,#AAAAAA,0,0,0:0,8.00,74.50,
utig4-986,#AAAAAA,0,30,0:30,2.87,58.28,
utig4-987,#AAAAAA,0,0,0:0,1.00,6.00,
utig4-988,#AAAAAA,0,0,0:0,0,0,
utig4-989,#AAAAAA,0,30,0:30,50.85,223.14,
utig4-990,#AAAAAA,0,30,0:30,13.00,92.77,
utig4-991,#AAAAAA,0,43,0:43,18.25,39.12,
utig4-992,#AAAAAA,0,0,0:0,0,0,
utig4-993,#FF8888,188054,246,188054:246,17.71,29.51,
utig4-994,#8888FF,723,172586,723:172586,17.74,28.73,
utig4-995,#AAAAAA,30,0,30:0,14.57,41.12,
utig4-996,#AAAAAA,0,28,0:28,18.00,32.72,
utig4-997,#8888FF,0,873,0:873,15.90,26.46,
utig4-998,#8888FF,0,141,0:141,0,0,
utig4-999,#AAAAAA,55,0,55:0,0,0,
utig4-1000,#FF8888,49950,41,49950:41,18.35,30.26,
utig4-1001,#FF8888,35981,10,35981:10,18.62,28.94,
utig4-1002,#8888FF,31,18093,31:18093,18.09,31.99,
utig4-1003,#8888FF,95,12250,95:12250,18.19,28.81,
utig4-1004,#8888FF,1137,396821,1137:396821,16.73,28.59,
utig4-1005,#FF8888,194127,475,194127:475,17.07,28.67,chr17
utig4-1006,#8888FF,0,125,0:125,12.55,20.83,
utig4-1007,#8888FF,0,105,0:105,0,0,
utig4-1008,#AAAAAA,9,0,9:0,5.71,38.37,
utig4-1009,#8888FF,1,267,1:267,13.05,30.63,
utig4-1010,#AAAAAA,0,28,0:28,10.33,23.01,
utig4-1011,#8888FF,0,171,0:171,0,0,
utig4-1012,#8888FF,0,173,0:173,0,0,
utig4-1013,#AAAAAA,0,0,0:0,0,0,
utig4-1014,#FF8888,30025,0,30025:0,14.89,41.72,
utig4-1015,#8888FF,137,229207,137:229207,16.17,29.11,
utig4-1016,#8888FF,11,1271,11:1271,15.98,26.94,
utig4-1017,#AAAAAA,0,0,0:0,0,0,
utig4-1018,#AAAAAA,0,0,0:0,0,0,
utig4-1019,#AAAAAA,0,0,0:0,0,0,
utig4-1020,#AAAAAA,0,22,0:22,12.50,18.32,
utig4-1021,#AAAAAA,0,0,0:0,5.85,27.13,
utig4-1022,#AAAAAA,0,0,0:0,11.75,35.30,
utig4-1023,#AAAAAA,0,0,0:0,0,0,
utig4-1024,#AAAAAA,0,30,0:30,9.33,36.09,rDNA
utig4-1025,#AAAAAA,0,30,0:30,2.28,10.92,
utig4-1026,#AAAAAA,0,30,0:30,3.72,19.48,
utig4-1027,#8888FF,0,223,0:223,11.12,32.79,
utig4-1028,#8888FF,0,173,0:173,16.00,25.46,
utig4-1029,#8888FF,0,430,0:430,17.67,35.53,
utig4-1030,#8888FF,0,280,0:280,0,0,
utig4-1031,#FF8888,325526,135,325526:135,17.33,31.68,
utig4-1032,#8888FF,0,451,0:451,19.12,27.24,
utig4-1033,#FF8888,5489,0,5489:0,19.54,27.96,
utig4-1034,#AAAAAA,0,70,0:70,13.50,36.68,
utig4-1035,#8888FF,333,169948,333:169948,17.19,28.33,
utig4-1036,#8888FF,0,358,0:358,15.13,29.22,
utig4-1037,#8888FF,0,3321,0:3321,14.61,26.93,
utig4-1038,#AAAAAA,0,88,0:88,20.00,13.49,
utig4-1039,#AAAAAA,0,0,0:0,40.98,61.17,
utig4-1040,#FF8888,126880,235,126880:235,17.51,29.10,
utig4-1041,#8888FF,338,107949,338:107949,17.22,28.87,
utig4-1042,#AAAAAA,0,1,0:1,37.11,60.62,
utig4-1043,#8888FF,151,39662,151:39662,16.52,28.99,
utig4-1044,#FF8888,34119,46,34119:46,16.25,28.76,
utig4-1045,#AAAAAA,0,97,0:97,18.50,36.74,
utig4-1046,#AAAAAA,0,48,0:48,14.93,25.97,
utig4-1047,#AAAAAA,0,98,0:98,12.42,68.38,
utig4-1048,#8888FF,382,227196,382:227196,17.56,29.03,
utig4-1049,#AAAAAA,0,30,0:30,18.93,181.60,
utig4-1050,#AAAAAA,0,0,0:0,17.48,185.21,
utig4-1051,#AAAAAA,0,30,0:30,0,0,
utig4-1052,#FF8888,144798,278,144798:278,16.97,25.61,
utig4-1053,#8888FF,449,179498,449:179498,16.80,26.44,
utig4-1054,#AAAAAA,0,30,0:30,23.06,39.81,
utig4-1055,#FF8888,51196,98,51196:98,17.93,30.22,
utig4-1056,#8888FF,126,54289,126:54289,18.34,28.82,
utig4-1057,#8888FF,0,307,0:307,0,0,
utig4-1058,#8888FF,0,185,0:185,12.50,16.21,
utig4-1059,#8888FF,0,332,0:332,0,0,
utig4-1060,#8888FF,5,97,5:97,0,0,
utig4-1061,#8888FF,307,102068,307:102068,17.05,27.39,
utig4-1062,#FF8888,87482,81,87482:81,16.78,28.13,
utig4-1063,#FF8888,15503,87,15503:87,16.54,26.05,
utig4-1064,#8888FF,115,15761,115:15761,16.34,27.38,
utig4-1065,#8888FF,0,16513,0:16513,30.84,52.73,
utig4-1066,#8888FF,0,6823,0:6823,16.70,20.45,
utig4-1067,#8888FF,0,11889,0:11889,15.83,32.14,
utig4-1068,#8888FF,0,9872,0:9872,13.50,16.02,
utig4-1069,#8888FF,0,9875,0:9875,19.00,41.20,
utig4-1070,#8888FF,0,214,0:214,0,0,
utig4-1071,#8888FF,114,24837,114:24837,17.96,28.85,
utig4-1072,#FF8888,100599,60,100599:60,18.40,30.22,
utig4-1073,#8888FF,199,68063,199:68063,18.34,29.82,
utig4-1074,#AAAAAA,0,0,0:0,0,0,
utig4-1075,#AAAAAA,0,30,0:30,25.50,38.68,
utig4-1076,#AAAAAA,0,37,0:37,21.50,34.12,
utig4-1077,#8888FF,1508,234445,1508:234445,16.89,27.12,
utig4-1078,#FF8888,239947,235,239947:235,16.91,26.74,
utig4-1079,#FF8888,627,0,627:0,6.50,6.67,
utig4-1080,#AAAAAA,0,77,0:77,15.41,15.09,
utig4-1081,#AAAAAA,0,0,0:0,33.24,65.09,
utig4-1082,#FF8888,100539,137,100539:137,16.60,27.05,
utig4-1083,#AAAAAA,19,1,19:1,32.83,49.41,
utig4-1084,#8888FF,427,153679,427:153679,17.77,28.67,
utig4-1085,#8888FF,0,1195,0:1195,17.67,32.68,
utig4-1086,#AAAAAA,0,31,0:31,32.72,61.61,
utig4-1087,#AAAAAA,0,0,0:0,39.56,59.68,
utig4-1088,#FF8888,187962,256,187962:256,18.06,30.19,
utig4-1089,#8888FF,417,155775,417:155775,18.16,29.83,
utig4-1090,#8888FF,313,137072,313:137072,18.10,30.67,
utig4-1091,#FF8888,132461,237,132461:237,18.10,30.96,
utig4-1092,#AAAAAA,0,0,0:0,38.33,47.03,
utig4-1093,#AAAAAA,0,0,0:0,11.50,5.77,
utig4-1094,#AAAAAA,0,27,0:27,18.00,40.99,
utig4-1095,#AAAAAA,0,0,0:0,40.26,60.03,
utig4-1096,#AAAAAA,7,0,7:0,35.69,56.22,
utig4-1097,#FF8888,208362,117,208362:117,17.72,29.61,
utig4-1098,#8888FF,295,206665,295:206665,17.95,29.53,
utig4-1099,#FF8888,67228,96,67228:96,17.37,29.64,
utig4-1100,#8888FF,125,67958,125:67958,17.83,29.75,
utig4-1101,#AAAAAA,0,0,0:0,36.29,47.01,
utig4-1102,#AAAAAA,30,0,30:0,15.00,28.49,
utig4-1103,#AAAAAA,0,0,0:0,19.50,19.70,
utig4-1104,#AAAAAA,0,0,0:0,28.50,35.51,
utig4-1105,#AAAAAA,0,0,0:0,6.00,14.53,
utig4-1106,#8888FF,0,151,0:151,0,0,
utig4-1107,#8888FF,0,112,0:112,0,0,
utig4-1108,#AAAAAA,0,50,0:50,16.50,10.06,
utig4-1109,#AAAAAA,0,1,0:1,32.12,53.24,
utig4-1110,#AAAAAA,90,0,90:0,15.29,27.75,
utig4-1111,#AAAAAA,2,63,2:63,11.48,22.75,
utig4-1112,#8888FF,203,77519,203:77519,17.25,28.63,
utig4-1113,#AAAAAA,0,38,0:38,11.00,11.54,
utig4-1114,#AAAAAA,25,0,25:0,34.79,67.15,
utig4-1115,#FF8888,68592,45,68592:45,17.50,29.61,
utig4-1116,#8888FF,160,65546,160:65546,17.79,30.04,
utig4-1117,#FF8888,28679,7,28679:7,17.84,29.33,
utig4-1118,#AAAAAA,0,0,0:0,39.55,63.97,
utig4-1119,#AAAAAA,0,0,0:0,18.50,41.15,
utig4-1120,#AAAAAA,30,0,30:0,17.50,32.04,
utig4-1121,#AAAAAA,0,0,0:0,34.10,60.19,
utig4-1122,#FF8888,184,0,184:0,13.41,23.85,
utig4-1123,#AAAAAA,1,56,1:56,16.56,26.88,
utig4-1124,#AAAAAA,0,0,0:0,18.50,0.00,
utig4-1125,#AAAAAA,0,0,0:0,37.06,64.73,
utig4-1126,#FF8888,172714,239,172714:239,18.37,30.22,
utig4-1127,#8888FF,384,143032,384:143032,18.21,30.09,
utig4-1128,#8888FF,360,206801,360:206801,16.91,29.63,
utig4-1129,#FF8888,240362,180,240362:180,16.88,30.34,
utig4-1130,#AAAAAA,0,0,0:0,35.67,59.90,
utig4-1131,#AAAAAA,0,0,0:0,19.00,34.94,
utig4-1132,#AAAAAA,27,0,27:0,24.00,26.43,
utig4-1133,#FF8888,73625,182,73625:182,17.35,27.28,
utig4-1134,#8888FF,368,96074,368:96074,17.49,28.10,
utig4-1135,#AAAAAA,0,0,0:0,11.67,34.10,
utig4-1136,#FF8888,98815,103,98815:103,17.59,29.09,
utig4-1137,#8888FF,162,70828,162:70828,17.37,28.96,
utig4-1138,#AAAAAA,0,0,0:0,39.29,58.61,
utig4-1139,#FF8888,167489,127,167489:127,18.01,29.19,
utig4-1140,#8888FF,313,138091,313:138091,17.86,28.90,
utig4-1141,#8888FF,857,250319,857:250319,17.37,28.59,chr3
utig4-1142,#FF8888,285616,426,285616:426,17.55,28.64,
utig4-1143,#AAAAAA,0,0,0:0,38.09,50.05,
utig4-1144,#8888FF,33,6287,33:6287,18.28,30.03,
utig4-1145,#FF8888,5997,8,5997:8,19.17,28.79,
utig4-1146,#AAAAAA,0,0,0:0,34.00,50.51,
utig4-1147,#FF8888,817,7,817:7,18.23,27.47,
utig4-1148,#8888FF,6,895,6:895,17.32,29.51,
utig4-1149,#FF8888,306031,534,306031:534,16.61,27.19,
utig4-1150,#8888FF,1078,315546,1078:315546,16.48,28.12,
utig4-1151,#AAAAAA,0,0,0:0,31.54,53.87,
utig4-1152,#8888FF,169,30305,169:30305,16.08,25.14,
utig4-1153,#FF8888,30851,45,30851:45,15.52,26.35,
utig4-1154,#FF8888,23910,77,23910:77,15.59,26.43,
utig4-1155,#8888FF,268,18465,268:18465,16.11,25.07,
utig4-1156,#AAAAAA,0,22,0:22,10.00,7.46,
utig4-1157,#AAAAAA,0,30,0:30,0,0,
utig4-1158,#AAAAAA,0,0,0:0,40.94,47.55,
utig4-1159,#FF8888,321992,333,321992:333,18.33,30.25,
utig4-1160,#8888FF,466,292042,466:292042,18.29,30.67,chr5
utig4-1161,#FF8888,87213,73,87213:73,19.17,30.17,
utig4-1162,#8888FF,206,88983,206:88983,18.85,30.48,
utig4-1163,#AAAAAA,0,0,0:0,37.24,57.59,
utig4-1164,#8888FF,139,34694,139:34694,18.32,29.29,
utig4-1165,#FF8888,43058,33,43058:33,18.31,29.35,
utig4-1166,#AAAAAA,0,0,0:0,2.30,0.00,
utig4-1167,#FF8888,178162,162,178162:162,16.75,29.68,
utig4-1168,#AAAAAA,0,0,0:0,37.25,56.11,
utig4-1169,#FF8888,72204,89,72204:89,17.77,29.19,
utig4-1170,#8888FF,151,89488,151:89488,17.99,28.70,
utig4-1171,#AAAAAA,0,4,0:4,2.30,0.00,
utig4-1172,#AAAAAA,0,0,0:0,31.29,66.50,
utig4-1173,#AAAAAA,0,0,0:0,3.00,0.00,
utig4-1174,#AAAAAA,0,0,0:0,35.14,57.20,
utig4-1175,#8888FF,0,1776,0:1776,17.52,30.31,
utig4-1176,#FF8888,1959,3,1959:3,18.95,29.72,
utig4-1177,#AAAAAA,0,0,0:0,15.29,20.79,
utig4-1178,#AAAAAA,0,40,0:40,21.71,46.56,
utig4-1179,#FF8888,16680,8,16680:8,18.48,32.17,
utig4-1180,#8888FF,17,1748,17:1748,18.05,32.40,
utig4-1181,#AAAAAA,3,0,3:0,35.20,55.70,
utig4-1182,#FF8888,190781,332,190781:332,17.40,28.02,
utig4-1183,#8888FF,457,168634,457:168634,17.28,27.33,
utig4-1184,#AAAAAA,0,82,0:82,7.60,0.42,
utig4-1185,#AAAAAA,11,0,11:0,35.85,58.31,
utig4-1186,#FF8888,30780,11,30780:11,17.23,30.00,
utig4-1187,#8888FF,10,25767,10:25767,17.44,31.15,
utig4-1188,#8888FF,65,5075,65:5075,18.71,30.27,
utig4-1189,#FF8888,6388,77,6388:77,18.18,28.51,
utig4-1190,#AAAAAA,0,0,0:0,35.15,58.19,
utig4-1191,#8888FF,3,4523,3:4523,18.26,27.59,
utig4-1192,#FF8888,3773,0,3773:0,17.42,32.47,
utig4-1193,#AAAAAA,0,0,0:0,20.00,49.61,
utig4-1194,#AAAAAA,29,0,29:0,17.75,7.04,
utig4-1195,#AAAAAA,0,0,0:0,39.34,57.46,
utig4-1196,#8888FF,207,101252,207:101252,18.68,29.43,
utig4-1197,#FF8888,110148,115,110148:115,18.51,29.91,
utig4-1198,#8888FF,113,46827,113:46827,17.87,29.48,
utig4-1199,#FF8888,37820,77,37820:77,18.17,28.97,
utig4-1200,#AAAAAA,0,0,0:0,37.59,59.12,
utig4-1201,#AAAAAA,0,0,0:0,5.50,11.00,
utig4-1202,#AAAAAA,0,0,0:0,37.50,44.98,
utig4-1203,#FF8888,55843,39,55843:39,17.78,29.48,
utig4-1204,#8888FF,113,75312,113:75312,17.67,29.32,
utig4-1205,#AAAAAA,0,0,0:0,15.50,2.00,
utig4-1206,#AAAAAA,0,0,0:0,33.74,58.16,
utig4-1207,#8888FF,444,166172,444:166172,17.48,28.98,
utig4-1208,#FF8888,297964,187,297964:187,18.31,29.82,
utig4-1209,#8888FF,237,28065,237:28065,17.09,29.25,
utig4-1210,#FF8888,35789,120,35789:120,16.89,28.43,
utig4-1211,#8888FF,596,261867,596:261867,18.41,30.02,chr11
utig4-1212,#AAAAAA,0,0,0:0,31.33,42.76,
utig4-1213,#8888FF,108,60453,108:60453,18.00,30.03,
utig4-1214,#FF8888,50011,80,50011:80,17.67,28.52,
utig4-1215,#8888FF,311,99907,311:99907,16.66,27.53,
utig4-1216,#AAAAAA,0,0,0:0,38.60,51.96,
utig4-1217,#FF8888,999,0,999:0,18.85,30.69,
utig4-1218,#8888FF,3,2816,3:2816,18.64,27.33,
utig4-1219,#AAAAAA,2,0,2:0,29.29,68.52,
utig4-1220,#FF8888,223285,48,223285:48,17.03,27.87,chr1
utig4-1221,#AAAAAA,0,0,0:0,34.00,62.16,
utig4-1222,#AAAAAA,0,0,0:0,4.00,9.47,
utig4-1223,#AAAAAA,0,0,0:0,24.50,55.30,
utig4-1224,#8888FF,56,27294,56:27294,17.65,29.48,
utig4-1225,#FF8888,24841,15,24841:15,17.07,30.26,
utig4-1226,#AAAAAA,0,0,0:0,39.67,53.28,
utig4-1227,#FF8888,5731,60,5731:60,17.18,31.67,
utig4-1228,#8888FF,35,12817,35:12817,18.29,31.16,
utig4-1229,#FF8888,152455,148,152455:148,17.61,29.23,
utig4-1230,#8888FF,259,153784,259:153784,17.81,29.81,
utig4-1231,#AAAAAA,0,8,0:8,13.50,3.57,
utig4-1232,#AAAAAA,6,0,6:0,31.10,52.84,
utig4-1233,#FF8888,34793,39,34793:39,16.05,26.94,
utig4-1234,#8888FF,447,62568,447:62568,15.31,27.43,
utig4-1235,#FF8888,66714,143,66714:143,16.52,28.03,
utig4-1236,#8888FF,280,84253,280:84253,16.68,27.94,
utig4-1237,#AAAAAA,0,1,0:1,31.98,53.46,
utig4-1238,#FF8888,380726,15,380726:15,16.56,26.69,
utig4-1239,#8888FF,40,32997,40:32997,17.28,27.96,
utig4-1240,#FF8888,28470,27,28470:27,17.22,25.79,
utig4-1241,#AAAAAA,0,0,0:0,35.76,65.07,
utig4-1242,#FF8888,351683,178,351683:178,17.14,28.82,
utig4-1243,#8888FF,299,328801,299:328801,17.19,28.64,
utig4-1244,#AAAAAA,26,0,26:0,44.31,55.11,
utig4-1245,#FF8888,7448,1,7448:1,18.53,27.67,
utig4-1246,#8888FF,3,7197,3:7197,19.04,27.41,
utig4-1247,#AAAAAA,0,0,0:0,33.28,53.15,
utig4-1248,#8888FF,32,18804,32:18804,17.00,25.26,
utig4-1249,#FF8888,21053,29,21053:29,16.56,26.22,
utig4-1250,#FF8888,51055,34,51055:34,15.93,24.57,
utig4-1251,#8888FF,111,49450,111:49450,15.28,23.95,
utig4-1252,#AAAAAA,0,1,0:1,2.00,0.00,
utig4-1253,#AAAAAA,0,0,0:0,39.04,57.89,
utig4-1254,#8888FF,68,8635,68:8635,16.17,28.96,
utig4-1255,#FF8888,6744,30,6744:30,16.03,25.54,
utig4-1256,#8888FF,0,558,0:558,0,0,
utig4-1257,#8888FF,0,800,0:800,6.26,21.68,
utig4-1258,#AAAAAA,0,18,0:18,33.73,52.52,
utig4-1259,#AAAAAA,0,0,0:0,19.12,4.57,
utig4-1260,#AAAAAA,0,68,0:68,15.50,56.39,
utig4-1261,#AAAAAA,3,0,3:0,40.64,61.34,
utig4-1262,#8888FF,364,262315,364:262315,17.97,30.30,
utig4-1263,#FF8888,254819,256,254819:256,18.02,29.40,
utig4-1264,#8888FF,426,172240,426:172240,17.96,30.23,
utig4-1265,#FF8888,228148,215,228148:215,18.06,30.20,
utig4-1266,#AAAAAA,0,0,0:0,40.53,45.89,
utig4-1267,#FF8888,321333,270,321333:270,18.21,29.82,
utig4-1268,#8888FF,517,285494,517:285494,18.10,29.85,chr8
utig4-1269,#AAAAAA,6,1,6:1,38.47,48.22,
utig4-1270,#AAAAAA,0,0,0:0,35.56,56.33,
utig4-1271,#8888FF,119,127858,119:127858,17.92,29.47,
utig4-1272,#FF8888,144810,54,144810:54,18.14,29.61,
utig4-1273,#AAAAAA,0,0,0:0,39.79,58.40,
utig4-1274,#AAAAAA,87,0,87:0,20.35,26.95,
utig4-1275,#AAAAAA,4,44,4:44,18.85,24.68,
utig4-1276,#AAAAAA,0,0,0:0,34.50,60.71,
utig4-1277,#AAAAAA,58,0,58:0,18.17,50.39,
utig4-1278,#AAAAAA,0,0,0:0,13.33,8.06,
utig4-1279,#AAAAAA,0,0,0:0,36.30,60.75,
utig4-1280,#AAAAAA,0,0,0:0,15.50,7.78,
utig4-1281,#AAAAAA,0,6,0:6,21.00,48.40,
utig4-1282,#FF8888,17101,3,17101:3,18.65,28.05,
utig4-1283,#8888FF,3,26235,3:26235,18.62,29.14,
utig4-1284,#8888FF,1,8439,1:8439,34.66,56.82,
utig4-1285,#8888FF,0,1658,0:1658,15.58,37.74,
utig4-1286,#8888FF,0,1658,0:1658,14.96,35.34,
utig4-1287,#AAAAAA,0,0,0:0,39.20,65.49,
utig4-1288,#FF8888,186,0,186:0,19.27,30.39,
utig4-1289,#8888FF,18,163,18:163,20.49,28.89,
utig4-1290,#AAAAAA,0,0,0:0,38.48,69.23,
utig4-1291,#AAAAAA,0,0,0:0,2.50,0.00,
utig4-1292,#AAAAAA,0,0,0:0,38.18,65.14,
utig4-1293,#FF8888,108788,175,108788:175,18.02,29.83,
utig4-1294,#8888FF,151,117268,151:117268,18.04,30.03,
utig4-1295,#AAAAAA,0,0,0:0,38.12,53.59,
utig4-1296,#FF8888,200392,361,200392:361,18.23,29.88,
utig4-1297,#8888FF,365,168064,365:168064,18.01,29.87,
utig4-1298,#AAAAAA,0,0,0:0,19.75,28.35,
utig4-1299,#FF8888,162255,141,162255:141,17.83,29.57,
utig4-1300,#8888FF,416,141583,416:141583,17.91,29.13,chr7
utig4-1301,#8888FF,7,4696,7:4696,16.08,24.75,
utig4-1302,#FF8888,5264,34,5264:34,16.07,27.98,
utig4-1303,#AAAAAA,17,0,17:0,5.83,0.73,
utig4-1304,#AAAAAA,11,2,11:2,32.36,56.01,
utig4-1305,#AAAAAA,0,0,0:0,17.00,19.60,
utig4-1306,#AAAAAA,26,0,26:0,17.50,31.13,
utig4-1307,#AAAAAA,0,1,0:1,2.00,0.00,
utig4-1308,#AAAAAA,0,0,0:0,34.81,53.32,
utig4-1309,#AAAAAA,10,15,10:15,32.07,59.28,
utig4-1310,#FF8888,53843,69,53843:69,17.37,28.11,
utig4-1311,#8888FF,75,48747,75:48747,16.88,28.11,
utig4-1312,#FF8888,184441,255,184441:255,18.34,29.79,
utig4-1313,#8888FF,301,148479,301:148479,17.94,29.49,
utig4-1314,#AAAAAA,15,1,15:1,33.97,52.46,
utig4-1315,#AAAAAA,0,0,0:0,17.50,27.82,
utig4-1316,#AAAAAA,29,0,29:0,17.00,24.15,
utig4-1317,#AAAAAA,0,0,0:0,17.00,15.00,
utig4-1318,#AAAAAA,0,0,0:0,18.50,26.73,
utig4-1319,#8888FF,12,14695,12:14695,15.44,27.80,
utig4-1320,#AAAAAA,0,0,0:0,18.00,7.31,
utig4-1321,#AAAAAA,2,0,2:0,37.34,56.27,
utig4-1322,#FF8888,112517,78,112517:78,18.07,30.14,
utig4-1323,#8888FF,226,104522,226:104522,18.31,29.86,
utig4-1324,#AAAAAA,0,0,0:0,21.50,24.48,
utig4-1325,#AAAAAA,0,30,0:30,17.00,22.35,
utig4-1326,#AAAAAA,0,0,0:0,31.09,49.24,
utig4-1327,#AAAAAA,0,2,0:2,30.74,46.89,
utig4-1328,#AAAAAA,32,0,32:0,7.70,9.56,
utig4-1329,#AAAAAA,2,67,2:67,11.20,28.27,
utig4-1330,#FF8888,17599,59,17599:59,15.33,27.67,
utig4-1331,#8888FF,147,19159,147:19159,15.39,27.32,
utig4-1332,#8888FF,388,115343,388:115343,15.61,24.70,
utig4-1333,#FF8888,100911,158,100911:158,15.63,25.97,
utig4-1334,#FF8888,56854,1,56854:1,15.70,32.23,
utig4-1335,#FF8888,232,0,232:0,3.00,0.00,
utig4-1336,#FF8888,232,0,232:0,3.00,3.87,
utig4-1337,#AAAAAA,0,0,0:0,34.52,48.65,
utig4-1338,#AAAAAA,0,0,0:0,36.84,48.46,
utig4-1339,#8888FF,164,53994,164:53994,17.75,29.64,
utig4-1340,#AAAAAA,0,0,0:0,40.00,49.77,
utig4-1341,#AAAAAA,0,0,0:0,38.40,58.25,
utig4-1342,#8888FF,83,19399,83:19399,17.80,29.56,
utig4-1343,#FF8888,21833,26,21833:26,17.75,30.36,
utig4-1344,#FF8888,13456,34,13456:34,18.36,28.86,
utig4-1345,#8888FF,37,16300,37:16300,17.80,29.30,
utig4-1346,#FF8888,39084,71,39084:71,15.54,28.08,
utig4-1347,#8888FF,5,194,5:194,16.58,26.61,
utig4-1348,#FF8888,118,0,118:0,18.34,32.70,
utig4-1349,#AAAAAA,0,0,0:0,40.74,68.06,
utig4-1350,#FF8888,23814,88,23814:88,14.83,27.44,
utig4-1351,#8888FF,151,21265,151:21265,15.33,26.90,
utig4-1352,#8888FF,0,111,0:111,2.18,0.00,
utig4-1353,#AAAAAA,0,0,0:0,31.90,59.77,
utig4-1354,#FF8888,91832,141,91832:141,16.92,28.17,
utig4-1355,#AAAAAA,0,0,0:0,2.33,0.00,
utig4-1356,#AAAAAA,0,0,0:0,37.40,67.31,
utig4-1357,#FF8888,59360,104,59360:104,17.34,28.40,
utig4-1358,#8888FF,286,70000,286:70000,17.44,29.53,
utig4-1359,#AAAAAA,1,3,1:3,33.23,57.44,
utig4-1360,#8888FF,68,50271,68:50271,17.59,28.51,
utig4-1361,#FF8888,45802,53,45802:53,17.50,29.76,
utig4-1362,#FF8888,96180,153,96180:153,16.76,27.56,
utig4-1363,#AAAAAA,6,0,6:0,36.42,52.75,
utig4-1364,#AAAAAA,0,0,0:0,36.76,59.14,
utig4-1365,#AAAAAA,0,0,0:0,25.50,21.05,
utig4-1366,#AAAAAA,30,0,30:0,12.50,35.95,
utig4-1367,#AAAAAA,0,0,0:0,28.32,44.94,
utig4-1368,#8888FF,246,68337,246:68337,15.33,25.94,
utig4-1369,#FF8888,77314,83,77314:83,15.30,25.98,
utig4-1370,#AAAAAA,0,0,0:0,37.46,54.83,
utig4-1371,#FF8888,216082,327,216082:327,17.65,28.00,
utig4-1372,#AAAAAA,5,88,5:88,19.27,26.50,
utig4-1373,#AAAAAA,77,0,77:0,19.91,26.88,
utig4-1374,#FF8888,119332,88,119332:88,17.63,27.00,chr8
utig4-1375,#AAAAAA,0,0,0:0,35.05,55.33,
utig4-1376,#FF8888,33525,22,33525:22,16.92,29.14,
utig4-1377,#AAAAAA,0,23,0:23,37.52,58.05,
utig4-1378,#8888FF,7,30267,7:30267,18.41,28.03,
utig4-1379,#FF8888,29755,33,29755:33,18.56,28.14,
utig4-1380,#8888FF,138,87515,138:87515,18.24,30.77,
utig4-1381,#FF8888,75921,67,75921:67,17.95,30.11,
utig4-1382,#AAAAAA,0,0,0:0,2.00,0.00,
utig4-1383,#AAAAAA,0,0,0:0,35.89,58.08,
utig4-1384,#AAAAAA,4,5,4:5,33.89,56.68,
utig4-1385,#8888FF,293,81788,293:81788,17.84,29.73,
utig4-1386,#FF8888,86730,117,86730:117,17.84,29.32,
utig4-1387,#AAAAAA,3,0,3:0,29.44,51.53,
utig4-1388,#FF8888,103768,104,103768:104,18.16,28.65,
utig4-1389,#8888FF,200,135407,200:135407,18.08,28.88,
utig4-1390,#8888FF,48,10492,48:10492,15.55,27.95,
utig4-1391,#AAAAAA,1,1,1:1,34.46,58.88,
utig4-1392,#AAAAAA,0,0,0:0,27.50,25.98,
utig4-1393,#AAAAAA,30,0,30:0,16.50,25.65,
utig4-1394,#8888FF,158,57921,158:57921,16.40,28.44,
utig4-1395,#FF8888,47398,70,47398:70,16.95,28.92,
utig4-1396,#FF8888,14638,37,14638:37,16.28,28.87,
utig4-1397,#8888FF,55,22885,55:22885,16.06,29.38,
utig4-1398,#AAAAAA,0,0,0:0,38.41,55.62,
utig4-1399,#AAAAAA,0,0,0:0,36.60,60.89,
utig4-1400,#8888FF,90,80995,90:80995,18.49,31.34,
utig4-1401,#FF8888,69300,79,69300:79,18.35,30.65,
utig4-1402,#AAAAAA,0,0,0:0,30.45,54.16,
utig4-1403,#8888FF,322,101950,322:101950,17.70,30.18,
utig4-1404,#FF8888,105614,101,105614:101,18.02,30.43,
utig4-1405,#AAAAAA,0,0,0:0,36.80,63.02,
utig4-1406,#AAAAAA,7,14,7:14,32.64,56.74,
utig4-1407,#AAAAAA,4,1,4:1,33.19,55.75,
utig4-1408,#AAAAAA,5,0,5:0,30.63,64.10,
utig4-1409,#AAAAAA,0,0,0:0,17.50,5.00,
utig4-1410,#AAAAAA,0,0,0:0,21.00,55.19,
utig4-1411,#AAAAAA,3,0,3:0,37.23,61.87,
utig4-1412,#AAAAAA,4,0,4:0,27.50,29.19,
utig4-1413,#AAAAAA,0,0,0:0,16.75,35.11,
utig4-1414,#AAAAAA,0,0,0:0,34.00,51.78,
utig4-1415,#AAAAAA,0,1,0:1,35.86,58.63,
utig4-1416,#AAAAAA,0,29,0:29,17.25,30.99,
utig4-1417,#AAAAAA,0,0,0:0,21.25,33.01,
utig4-1418,#AAAAAA,0,0,0:0,15.50,27.73,
utig4-1419,#AAAAAA,28,0,28:0,15.00,29.38,
utig4-1420,#AAAAAA,7,0,7:0,18.00,2.63,
utig4-1421,#AAAAAA,0,0,0:0,38.35,47.06,
utig4-1422,#AAAAAA,0,30,0:30,15.50,35.13,
utig4-1423,#AAAAAA,0,0,0:0,18.00,24.56,
utig4-1424,#AAAAAA,30,0,30:0,19.25,25.87,
utig4-1425,#AAAAAA,0,30,0:30,21.00,24.50,
utig4-1426,#AAAAAA,6,9,6:9,37.16,65.29,
utig4-1427,#AAAAAA,30,0,30:0,14.50,28.51,
utig4-1428,#AAAAAA,0,0,0:0,16.25,29.72,
utig4-1429,#AAAAAA,17,0,17:0,0,0,
utig4-1430,#AAAAAA,17,0,17:0,0,0,
utig4-1431,#AAAAAA,69,0,69:0,6.50,9.69,
utig4-1432,#AAAAAA,65,0,65:0,8.00,21.96,
utig4-1433,#AAAAAA,77,0,77:0,0,0,
utig4-1434,#AAAAAA,77,0,77:0,2.28,45.54,
utig4-1435,#AAAAAA,77,0,77:0,21.33,42.31,
utig4-1436,#AAAAAA,77,0,77:0,9.50,42.85,
utig4-1437,#AAAAAA,77,0,77:0,15.50,40.47,
utig4-1438,#AAAAAA,0,0,0:0,36.67,58.58,
utig4-1439,#AAAAAA,0,0,0:0,21.50,22.81,
utig4-1440,#AAAAAA,0,0,0:0,18.50,28.48,
utig4-1441,#AAAAAA,1,0,1:0,34.68,57.28,
utig4-1442,#AAAAAA,0,0,0:0,4.00,1.00,
utig4-1443,#AAAAAA,0,0,0:0,299.43,0.00,
utig4-1444,#AAAAAA,0,0,0:0,3.00,2.00,
utig4-1445,#AAAAAA,0,0,0:0,31.52,52.08,
utig4-1446,#FF8888,95810,197,95810:197,16.96,27.98,
utig4-1447,#8888FF,252,128000,252:128000,17.08,29.17,
utig4-1448,#AAAAAA,0,2,0:2,1.83,0.00,
utig4-1449,#AAAAAA,9,0,9:0,36.15,53.73,
utig4-1450,#8888FF,390,237687,390:237687,17.91,30.45,
utig4-1451,#AAAAAA,8,1,8:1,37.13,61.66,
utig4-1452,#FF8888,28998,54,28998:54,17.88,28.23,
utig4-1453,#8888FF,39,15913,39:15913,17.28,30.86,
utig4-1454,#FF8888,82216,143,82216:143,17.50,29.03,
utig4-1455,#8888FF,206,48249,206:48249,17.54,29.49,
utig4-1456,#AAAAAA,0,0,0:0,35.85,52.94,
utig4-1457,#AAAAAA,0,0,0:0,7.50,14.00,
utig4-1458,#AAAAAA,0,0,0:0,29.00,40.76,
utig4-1459,#AAAAAA,0,0,0:0,18.50,23.39,
utig4-1460,#AAAAAA,0,0,0:0,18.50,28.92,
utig4-1461,#AAAAAA,0,0,0:0,37.14,60.57,
utig4-1462,#8888FF,255,110130,255:110130,16.20,27.34,
utig4-1463,#FF8888,102050,64,102050:64,16.48,27.20,
utig4-1464,#AAAAAA,0,7,0:7,34.51,59.19,
utig4-1465,#AAAAAA,0,0,0:0,19.56,46.55,
utig4-1466,#AAAAAA,1,29,1:29,20.20,33.82,
utig4-1467,#AAAAAA,0,8,0:8,17.75,31.05,
utig4-1468,#AAAAAA,0,0,0:0,16.33,21.20,
utig4-1469,#AAAAAA,0,0,0:0,3.00,0.00,
utig4-1470,#AAAAAA,0,4,0:4,37.36,55.24,
utig4-1471,#AAAAAA,0,0,0:0,37.31,60.02,
utig4-1472,#8888FF,140,91582,140:91582,18.36,29.37,
utig4-1473,#FF8888,88097,69,88097:69,18.50,29.26,
utig4-1474,#AAAAAA,0,0,0:0,3.50,4.00,
utig4-1475,#AAAAAA,0,57,0:57,21.33,6.83,
utig4-1476,#AAAAAA,12,0,12:0,19.33,50.54,
utig4-1477,#AAAAAA,13,0,13:0,20.18,39.59,
utig4-1478,#AAAAAA,6,0,6:0,13.88,33.53,
utig4-1479,#FF8888,966,0,966:0,16.67,20.87,
utig4-1480,#AAAAAA,1,0,1:0,34.92,50.09,
utig4-1481,#8888FF,486,307308,486:307308,17.64,28.34,
utig4-1482,#FF8888,315150,343,315150:343,17.52,28.99,
utig4-1483,#8888FF,123,60054,123:60054,18.21,29.20,
utig4-1484,#FF8888,54056,29,54056:29,17.88,30.14,
utig4-1485,#AAAAAA,0,0,0:0,5.00,0.00,
utig4-1486,#AAAAAA,0,0,0:0,36.67,59.19,
utig4-1487,#8888FF,82,30428,82:30428,18.41,30.34,
utig4-1488,#FF8888,32442,33,32442:33,17.98,30.62,
utig4-1489,#AAAAAA,0,0,0:0,37.47,55.64,
utig4-1490,#8888FF,16,5543,16:5543,17.83,28.09,
utig4-1491,#FF8888,5361,4,5361:4,18.09,29.09,
utig4-1492,#AAAAAA,0,0,0:0,35.48,68.35,
utig4-1493,#8888FF,61,32055,61:32055,17.31,28.85,
utig4-1494,#FF8888,30325,11,30325:11,17.83,28.58,
utig4-1495,#AAAAAA,4,8,4:8,32.50,54.03,
utig4-1496,#AAAAAA,0,34,0:34,25.00,28.00,
utig4-1497,#AAAAAA,0,0,0:0,18.50,30.73,
utig4-1498,#AAAAAA,37,0,37:0,39.25,49.65,
utig4-1499,#AAAAAA,0,0,0:0,22.00,32.06,
utig4-1500,#AAAAAA,0,0,0:0,16.00,12.00,
utig4-1501,#AAAAAA,0,0,0:0,35.75,56.51,
utig4-1502,#AAAAAA,2,2,2:2,34.38,55.32,
utig4-1503,#AAAAAA,13,0,13:0,3.94,27.00,
utig4-1504,#AAAAAA,0,0,0:0,2.64,23.14,
utig4-1505,#AAAAAA,7,7,7:7,35.58,58.38,
utig4-1506,#AAAAAA,15,0,15:0,39.58,58.10,
utig4-1507,#AAAAAA,29,0,29:0,23.00,25.95,
utig4-1508,#AAAAAA,0,0,0:0,20.00,21.48,
utig4-1509,#AAAAAA,0,0,0:0,35.58,56.70,
utig4-1510,#FF8888,119260,43,119260:43,17.78,28.78,
utig4-1511,#8888FF,78,80032,78:80032,17.81,29.67,
utig4-1512,#AAAAAA,0,29,0:29,11.50,31.90,
utig4-1513,#AAAAAA,0,0,0:0,13.00,29.00,
utig4-1514,#AAAAAA,0,0,0:0,36.67,56.12,
utig4-1515,#8888FF,46,20045,46:20045,18.01,30.24,
utig4-1516,#FF8888,29801,17,29801:17,17.81,28.33,
utig4-1517,#AAAAAA,1,0,1:0,35.10,62.83,
utig4-1518,#AAAAAA,0,0,0:0,33.48,62.70,
utig4-1519,#AAAAAA,0,0,0:0,39.80,66.84,
utig4-1520,#8888FF,367,206239,367:206239,17.39,30.65,
utig4-1521,#AAAAAA,4,0,4:0,39.16,61.47,
utig4-1522,#AAAAAA,0,0,0:0,37.67,65.80,
utig4-1523,#AAAAAA,0,0,0:0,35.84,57.43,
utig4-1524,#AAAAAA,0,0,0:0,36.45,62.82,
utig4-1525,#AAAAAA,6,0,6:0,38.84,57.60,
utig4-1526,#8888FF,208,115058,208:115058,17.50,28.32,
utig4-1527,#FF8888,100391,157,100391:157,17.61,29.46,
utig4-1528,#AAAAAA,0,0,0:0,36.57,67.18,
utig4-1529,#AAAAAA,0,0,0:0,36.97,62.93,
utig4-1530,#AAAAAA,0,26,0:26,15.50,40.36,
utig4-1531,#AAAAAA,0,0,0:0,26.00,31.78,
utig4-1532,#FF8888,29826,24,29826:24,18.30,29.25,
utig4-1533,#8888FF,43,14319,43:14319,18.84,31.91,
utig4-1534,#AAAAAA,1,0,1:0,34.92,60.84,
utig4-1535,#FF8888,48168,122,48168:122,17.57,27.98,
utig4-1536,#8888FF,79,55098,79:55098,17.59,28.41,
utig4-1537,#AAAAAA,0,0,0:0,3.00,0.00,
utig4-1538,#AAAAAA,0,0,0:0,34.03,58.09,
utig4-1539,#AAAAAA,0,0,0:0,35.87,58.13,
utig4-1540,#8888FF,912,378566,912:378566,17.39,29.52,chr10
utig4-1541,#AAAAAA,0,0,0:0,36.59,52.64,
utig4-1542,#AAAAAA,17,23,17:23,35.94,61.98,
utig4-1543,#8888FF,0,5619,0:5619,29.74,44.66,
utig4-1544,#AAAAAA,5,7,5:7,37.50,57.59,
utig4-1545,#AAAAAA,0,0,0:0,37.35,56.46,
utig4-1546,#AAAAAA,0,0,0:0,37.42,50.23,
utig4-1547,#AAAAAA,0,0,0:0,33.40,53.20,
utig4-1548,#8888FF,73,9943,73:9943,16.76,27.91,
utig4-1549,#AAAAAA,0,0,0:0,41.67,54.87,
utig4-1550,#FF8888,739,0,739:0,9.00,1.04,
utig4-1551,#AAAAAA,0,0,0:0,8.00,0.00,
utig4-1552,#AAAAAA,41,0,41:0,4.00,0.00,
utig4-1553,#AAAAAA,0,0,0:0,2.00,0.00,
utig4-1554,#AAAAAA,0,0,0:0,2.00,0.00,
utig4-1555,#AAAAAA,0,0,0:0,4.00,0.00,
utig4-1556,#AAAAAA,0,0,0:0,2.00,0.00,
utig4-1557,#AAAAAA,0,0,0:0,2.00,0.00,
utig4-1558,#AAAAAA,0,0,0:0,5.00,0.00,
utig4-1559,#AAAAAA,0,0,0:0,3.50,0.00,
utig4-1560,#8888FF,16,26633,16:26633,15.40,34.51,
utig4-1561,#8888FF,3,79197,3:79197,15.01,32.58,
utig4-1562,#AAAAAA,17,0,17:0,3.50,0.00,
utig4-1563,#AAAAAA,0,0,0:0,2.00,0.00,
utig4-1564,#AAAAAA,0,0,0:0,3.00,0.00,
utig4-1565,#AAAAAA,0,0,0:0,3.67,0.00,
utig4-1566,#AAAAAA,0,0,0:0,3.00,0.00,
utig4-1567,#AAAAAA,0,0,0:0,2.67,0.00,
utig4-1568,#AAAAAA,0,0,0:0,2.00,0.00,
utig4-1569,#AAAAAA,0,0,0:0,3.50,0.00,
utig4-1570,#AAAAAA,0,0,0:0,19.50,37.40,
utig4-1571,#FF8888,177178,255,177178:255,16.73,28.28,
utig4-1572,#AAAAAA,0,0,0:0,14.00,23.74,
utig4-1573,#FF8888,205290,275,205290:275,16.39,28.14,
utig4-1574,#FF8888,27842,103,27842:103,15.81,28.58,
utig4-1575,#8888FF,118,29050,118:29050,16.40,28.40,
utig4-1576,#AAAAAA,14,31,14:31,37.38,60.94,
utig4-1577,#AAAAAA,0,10,0:10,13.00,24.00,
utig4-1578,#AAAAAA,0,10,0:10,16.00,23.89,
utig4-1579,#AAAAAA,7,0,7:0,38.92,62.47,
utig4-1580,#8888FF,603,191233,603:191233,16.23,27.81,chr16
utig4-1581,#AAAAAA,0,0,0:0,5.75,0.94,
utig4-1582,#AAAAAA,41,0,41:0,2.00,0.00,
utig4-1583,#8888FF,0,7245,0:7245,50.03,79.09,
utig4-1584,#8888FF,0,9895,0:9895,31.64,50.41,
utig4-1585,#8888FF,0,22255,0:22255,16.24,26.94,
utig4-1586,#AAAAAA,0,0,0:0,3.00,0.00,
utig4-1587,#AAAAAA,0,0,0:0,4.50,0.00,
utig4-1588,#FF8888,469,0,469:0,35.68,42.89,
utig4-1589,#FF8888,515,0,515:0,18.27,23.10,
utig4-1590,#AAAAAA,42,0,42:0,21.25,26.26,
utig4-1591,#AAAAAA,42,0,42:0,26.50,17.18,
utig4-1592,#AAAAAA,0,0,0:0,4.00,0.00,
utig4-1593,#AAAAAA,0,0,0:0,3.00,1.25,
utig4-1594,#AAAAAA,0,0,0:0,2.00,0.00,
utig4-1595,#AAAAAA,0,0,0:0,29.91,55.05,
utig4-1596,#FF8888,183315,176,183315:176,18.09,29.95,
utig4-1597,#8888FF,261,141513,261:141513,17.86,30.59,
utig4-1598,#AAAAAA,0,0,0:0,3.00,0.00,
utig4-1599,#AAAAAA,0,0,0:0,4.21,0.00,
utig4-1600,#AAAAAA,0,0,0:0,8.00,0.00,
utig4-1601,#AAAAAA,0,0,0:0,2.00,0.00,
utig4-1602,#AAAAAA,0,0,0:0,2.00,0.00,
utig4-1603,#AAAAAA,0,0,0:0,1.00,0.00,
utig4-1604,#AAAAAA,0,0,0:0,8.00,0.00,
utig4-1605,#AAAAAA,0,0,0:0,3.30,0.00,
utig4-1606,#AAAAAA,0,0,0:0,4.50,0.00,
utig4-1607,#AAAAAA,7,0,7:0,38.10,52.94,
utig4-1608,#FF8888,2404,0,2404:0,25.89,56.34,
utig4-1609,#FF8888,21590,0,21590:0,16.15,27.83,
utig4-1610,#AAAAAA,94,0,94:0,11.50,27.24,
utig4-1611,#AAAAAA,9,0,9:0,3.50,0.00,
utig4-1612,#AAAAAA,8,0,8:0,37.29,58.33,
utig4-1613,#AAAAAA,17,0,17:0,2.00,1.89,
utig4-1614,#AAAAAA,0,0,0:0,35.35,54.88,
utig4-1615,#8888FF,87,106075,87:106075,18.45,29.63,
utig4-1616,#AAAAAA,0,0,0:0,34.82,50.93,
utig4-1617,#AAAAAA,0,0,0:0,2.00,0.00,
utig4-1618,#8888FF,0,123,0:123,15.50,0.86,
utig4-1619,#AAAAAA,0,0,0:0,3.50,1.25,
utig4-1620,#AAAAAA,0,0,0:0,4.60,1.35,
utig4-1621,#AAAAAA,0,62,0:62,39.09,82.46,
utig4-1622,#8888FF,0,101,0:101,14.54,36.70,
utig4-1623,#AAAAAA,0,0,0:0,2.50,0.00,
utig4-1624,#AAAAAA,0,0,0:0,3.73,0.00,
utig4-1625,#AAAAAA,0,0,0:0,3.00,0.00,
utig4-1626,#AAAAAA,0,12,0:12,16.00,2.00,
utig4-1627,#AAAAAA,0,0,0:0,5.00,0.77,
utig4-1628,#AAAAAA,0,0,0:0,8.00,1.80,
utig4-1629,#AAAAAA,0,0,0:0,4.50,0.00,
utig4-1630,#8888FF,0,3715,0:3715,29.76,99.17,
utig4-1631,#8888FF,0,1152,0:1152,16.44,51.17,
utig4-1632,#8888FF,0,1152,0:1152,16.54,37.85,
utig4-1633,#AAAAAA,66,0,66:0,0,0,
utig4-1634,#AAAAAA,88,0,88:0,0,0,
utig4-1635,#AAAAAA,0,0,0:0,4.73,7.37,
utig4-1636,#AAAAAA,0,0,0:0,1.82,0.00,
utig4-1637,#8888FF,0,165,0:165,0,0,
utig4-1638,#8888FF,0,1422,0:1422,13.94,27.87,
utig4-1639,#8888FF,0,175,0:175,0,0,
utig4-1640,#8888FF,0,191,0:191,14.00,14.77,
utig4-1641,#8888FF,0,623,0:623,16.36,35.24,
utig4-1642,#8888FF,0,1147,0:1147,14.33,22.73,
utig4-1643,#8888FF,0,217,0:217,18.00,25.62,
utig4-1644,#AAAAAA,7,0,7:0,3.00,2.78,
utig4-1645,#AAAAAA,0,0,0:0,2.00,0.00,
utig4-1646,#AAAAAA,0,0,0:0,6.57,0.00,
utig4-1647,#AAAAAA,17,0,17:0,9.36,0.00,
utig4-1648,#AAAAAA,0,0,0:0,3.50,0.48,
utig4-1649,#AAAAAA,0,0,0:0,2.97,2.64,
utig4-1650,#AAAAAA,0,0,0:0,15.91,73.86,
utig4-1651,#AAAAAA,0,0,0:0,0,0,
utig4-1652,#AAAAAA,0,0,0:0,0,0,
utig4-1653,#AAAAAA,8,0,8:0,12.55,10.70,
utig4-1654,#AAAAAA,0,0,0:0,0,0,
utig4-1655,#AAAAAA,51,0,51:0,8.45,28.03,
utig4-1656,#AAAAAA,0,0,0:0,15.50,30.84,
utig4-1657,#AAAAAA,0,0,0:0,6.64,23.62,
utig4-1658,#AAAAAA,17,0,17:0,0,0,
utig4-1659,#AAAAAA,17,0,17:0,0,0,
utig4-1660,#AAAAAA,0,0,0:0,0,0,
utig4-1661,#AAAAAA,3,6,3:6,34.74,64.14,
utig4-1662,#FF8888,7589,2,7589:2,14.98,27.98,
utig4-1663,#AAAAAA,0,0,0:0,0,0,
utig4-1664,#FF8888,986,0,986:0,35.53,47.09,
utig4-1665,#AAAAAA,0,0,0:0,30.18,52.23,
utig4-1666,#FF8888,173381,235,173381:235,17.75,29.47,
utig4-1667,#8888FF,331,178768,331:178768,17.69,30.44,
utig4-1668,#AAAAAA,0,31,0:31,18.79,25.00,
utig4-1669,#AAAAAA,85,0,85:0,18.89,26.41,
utig4-1670,#AAAAAA,0,32,0:32,0,0,
utig4-1671,#AAAAAA,0,0,0:0,1.00,0.00,
utig4-1672,#AAAAAA,29,0,29:0,9.00,1.22,
utig4-1673,#AAAAAA,17,0,17:0,2.30,0.00,
utig4-1674,#AAAAAA,3,0,3:0,2.00,0.00,
utig4-1675,#AAAAAA,0,0,0:0,4.00,0.00,
utig4-1676,#AAAAAA,0,0,0:0,3.62,0.00,
utig4-1677,#AAAAAA,0,0,0:0,3.00,2.96,
utig4-1678,#AAAAAA,0,0,0:0,11.00,1.36,
utig4-1679,#AAAAAA,24,14,24:14,33.69,54.53,
utig4-1680,#8888FF,52,26342,52:26342,17.16,26.07,
utig4-1681,#FF8888,36085,88,36085:88,17.13,26.95,
utig4-1682,#AAAAAA,0,0,0:0,7.81,0.00,
utig4-1683,#AAAAAA,0,42,0:42,27.56,65.03,
utig4-1684,#8888FF,0,504,0:504,14.36,22.39,
utig4-1685,#8888FF,0,433,0:433,11.95,27.43,
utig4-1686,#AAAAAA,0,0,0:0,17.00,2.00,
utig4-1687,#AAAAAA,0,0,0:0,5.50,1.13,
utig4-1688,#AAAAAA,0,0,0:0,4.00,0.00,
utig4-1689,#AAAAAA,0,0,0:0,3.43,0.00,
utig4-1690,#AAAAAA,0,0,0:0,36.65,61.67,
utig4-1691,#AAAAAA,0,0,0:0,4.00,0.00,
utig4-1692,#8888FF,548,217890,548:217890,15.44,27.65,chr19
utig4-1693,#AAAAAA,0,0,0:0,3.12,0.00,
utig4-1694,#AAAAAA,64,0,64:0,0,0,
utig4-1695,#FF8888,101,0,101:0,11.01,26.61,
utig4-1696,#AAAAAA,38,0,38:0,4.50,20.21,
utig4-1697,#AAAAAA,41,0,41:0,7.00,17.70,
utig4-1698,#AAAAAA,34,0,34:0,11.33,23.96,
utig4-1699,#AAAAAA,0,0,0:0,1.98,1.91,
utig4-1700,#AAAAAA,0,30,0:30,4.00,3.00,
utig4-1701,#AAAAAA,0,0,0:0,9.40,2.47,
utig4-1702,#AAAAAA,0,0,0:0,0,0,
utig4-1703,#AAAAAA,0,0,0:0,23.00,23.64,
utig4-1704,#AAAAAA,0,0,0:0,5.81,33.99,
utig4-1705,#AAAAAA,0,0,0:0,6.25,1.44,
utig4-1706,#AAAAAA,0,0,0:0,6.25,0.00,
utig4-1707,#AAAAAA,0,0,0:0,0,0,
utig4-1708,#AAAAAA,0,0,0:0,1.50,20.50,
utig4-1709,#AAAAAA,0,5,0:5,12.00,0.00,
utig4-1710,#AAAAAA,0,0,0:0,14.83,1.55,
utig4-1711,#AAAAAA,0,0,0:0,3.40,1.29,
utig4-1712,#AAAAAA,7,0,7:0,161.04,560.53,
utig4-1713,#AAAAAA,14,0,14:0,12.50,17.32,
utig4-1714,#AAAAAA,37,0,37:0,0,0,
utig4-1715,#AAAAAA,14,0,14:0,0,0,
utig4-1716,#AAAAAA,7,0,7:0,0,0,
utig4-1717,#AAAAAA,15,0,15:0,7.50,10.01,
utig4-1718,#AAAAAA,7,0,7:0,0,0,
utig4-1719,#AAAAAA,5,2,5:2,33.70,60.23,
utig4-1720,#8888FF,738,256507,738:256507,16.23,27.20,chr22
utig4-1721,#AAAAAA,47,0,47:0,20.75,38.21,
utig4-1722,#AAAAAA,76,0,76:0,4.89,10.83,
utig4-1723,#AAAAAA,0,0,0:0,3.75,0.00,
utig4-1724,#AAAAAA,78,0,78:0,6.34,0.00,
utig4-1725,#AAAAAA,0,0,0:0,37.96,51.03,
utig4-1726,#8888FF,496,247381,496:247381,17.50,27.84,
utig4-1727,#FF8888,230672,203,230672:203,17.49,27.53,
utig4-1728,#AAAAAA,35,0,35:0,10.00,1.11,
utig4-1729,#AAAAAA,10,0,10:0,7.27,3.00,
utig4-1730,#AAAAAA,7,0,7:0,6.33,0.82,
utig4-1731,#AAAAAA,0,0,0:0,3.00,0.00,
utig4-1732,#AAAAAA,0,0,0:0,9.00,0.82,
utig4-1733,#AAAAAA,0,64,0:64,0,0,
utig4-1734,#8888FF,0,171,0:171,0,0,
utig4-1735,#8888FF,0,173,0:173,0,0,
utig4-1736,#AAAAAA,3,10,3:10,9.50,19.64,
utig4-1737,#8888FF,0,275,0:275,8.37,18.24,
utig4-1738,#AAAAAA,58,10,58:10,8.67,10.24,
utig4-1739,#AAAAAA,0,0,0:0,4.50,0.00,
utig4-1740,#AAAAAA,0,12,0:12,12.00,2.59,
utig4-1741,#AAAAAA,0,0,0:0,2.95,0.00,
utig4-1742,#AAAAAA,0,23,0:23,6.00,0.50,
utig4-1743,#AAAAAA,0,0,0:0,2.50,0.00,
utig4-1744,#AAAAAA,0,0,0:0,5.50,1.98,
utig4-1745,#AAAAAA,19,0,19:0,0,0,
utig4-1746,#AAAAAA,77,0,77:0,0,0,
utig4-1747,#AAAAAA,0,22,0:22,34.64,56.68,
utig4-1748,#AAAAAA,1,0,1:0,36.36,63.42,
utig4-1749,#AAAAAA,0,0,0:0,15.29,1.02,
utig4-1750,#AAAAAA,0,0,0:0,4.50,1.47,
utig4-1751,#AAAAAA,30,0,30:0,0,0,
utig4-1752,#FF8888,164,0,164:0,0,0,
utig4-1753,#FF8888,134,0,134:0,5.39,26.63,
utig4-1754,#FF8888,164,0,164:0,0,0,
utig4-1755,#AAAAAA,0,0,0:0,7.00,0.00,
utig4-1756,#AAAAAA,19,0,19:0,7.33,2.67,
utig4-1757,#AAAAAA,23,0,23:0,38.00,1.57,
utig4-1758,#AAAAAA,0,0,0:0,3.45,0.00,
utig4-1759,#AAAAAA,0,0,0:0,4.26,0.00,
utig4-1760,#AAAAAA,0,1,0:1,16.50,3.00,
utig4-1761,#AAAAAA,0,0,0:0,37.91,61.94,
utig4-1762,#AAAAAA,0,12,0:12,13.27,0.00,
utig4-1763,#AAAAAA,0,0,0:0,4.00,0.00,
utig4-1764,#AAAAAA,0,0,0:0,34.96,60.42,
utig4-1765,#FF8888,245844,218,245844:218,17.02,28.72,
utig4-1766,#8888FF,529,236370,529:236370,17.21,28.89,
utig4-1767,#AAAAAA,0,0,0:0,6.25,0.70,
utig4-1768,#AAAAAA,0,0,0:0,5.17,0.00,
utig4-1769,#8888FF,0,1464,0:1464,28.90,77.89,
utig4-1770,#AAAAAA,0,0,0:0,4.75,1.52,
utig4-1771,#AAAAAA,0,67,0:67,14.69,39.50,
utig4-1772,#FF8888,536,0,536:0,17.02,28.46,
utig4-1773,#8888FF,4,457,4:457,16.15,26.54,
utig4-1774,#FF8888,22244,41,22244:41,18.08,27.94,
utig4-1775,#AAAAAA,0,0,0:0,36.28,55.97,
utig4-1776,#AAAAAA,0,0,0:0,4.50,0.00,
utig4-1777,#AAAAAA,0,0,0:0,3.00,3.00,
utig4-1778,#AAAAAA,0,0,0:0,2.50,0.00,
utig4-1779,#AAAAAA,0,0,0:0,2.00,3.57,
utig4-1780,#AAAAAA,0,0,0:0,0,0,
utig4-1781,#AAAAAA,52,0,52:0,11.29,29.81,
utig4-1782,#AAAAAA,79,0,79:0,6.33,15.96,
utig4-1783,#AAAAAA,29,0,29:0,11.17,21.39,
utig4-1784,#AAAAAA,0,0,0:0,10.50,18.68,
utig4-1785,#FF8888,287061,15,287061:15,15.92,26.72,
utig4-1786,#AAAAAA,0,28,0:28,4.38,1.00,
utig4-1787,#AAAAAA,0,0,0:0,4.00,4.29,
utig4-1788,#AAAAAA,31,0,31:0,3.50,0.00,
utig4-1789,#AAAAAA,0,0,0:0,5.00,2.48,
utig4-1790,#AAAAAA,0,0,0:0,0,0,
utig4-1791,#AAAAAA,0,0,0:0,39.59,68.80,
utig4-1792,#AAAAAA,0,0,0:0,43.12,73.77,
utig4-1793,#AAAAAA,2,10,2:10,27.32,49.12,
utig4-1794,#AAAAAA,0,90,0:90,14.76,22.23,
utig4-1795,#AAAAAA,30,0,30:0,17.99,30.55,
utig4-1796,#AAAAAA,0,30,0:30,35.36,301.63,
utig4-1797,#AAAAAA,0,30,0:30,0,0,
utig4-1798,#AAAAAA,46,0,46:0,0,0,
utig4-1799,#AAAAAA,85,0,85:0,7.54,44.66,
utig4-1800,#8888FF,0,2336,0:2336,18.09,29.67,
utig4-1801,#AAAAAA,3,0,3:0,31.60,50.58,
utig4-1802,#AAAAAA,0,0,0:0,31.15,51.78,
utig4-1803,#AAAAAA,0,0,0:0,37.37,60.20,
utig4-1804,#AAAAAA,39,0,39:0,10.50,1.56,
utig4-1805,#AAAAAA,0,0,0:0,22.45,55.78,
utig4-1806,#AAAAAA,17,0,17:0,7.67,18.64,
utig4-1807,#AAAAAA,0,0,0:0,14.45,28.97,
utig4-1808,#AAAAAA,0,0,0:0,17.00,10.79,
utig4-1809,#AAAAAA,91,0,91:0,16.00,14.23,
utig4-1810,#AAAAAA,0,0,0:0,2.92,3.98,
utig4-1811,#AAAAAA,0,75,0:75,14.42,21.69,
utig4-1812,#AAAAAA,81,0,81:0,13.70,23.83,
utig4-1813,#AAAAAA,0,51,0:51,35.83,53.55,
utig4-1814,#8888FF,0,133,0:133,25.25,47.07,
utig4-1815,#8888FF,0,441,0:441,14.61,27.69,
utig4-1816,#AAAAAA,0,0,0:0,31.22,67.25,
utig4-1817,#AAAAAA,0,0,0:0,26.00,36.71,
utig4-1818,#AAAAAA,0,0,0:0,36.20,63.69,
utig4-1819,#AAAAAA,21,0,21:0,11.00,0.85,
utig4-1820,#AAAAAA,0,0,0:0,2.50,0.00,
utig4-1821,#AAAAAA,0,0,0:0,14.61,44.04,
utig4-1822,#8888FF,127,13468,127:13468,13.94,23.98,
utig4-1823,#FF8888,15908,56,15908:56,14.36,23.16,
utig4-1824,#AAAAAA,1,0,1:0,39.09,59.65,
