node	mat	pat	mat:pat	color
utig4-0	0	0	0:0	#AAAAAA
utig4-1	0	25	0:25	#AAAAAA
utig4-2	0	32	0:32	#AAAAAA
utig4-3	0	32	0:32	#AAAAAA
utig4-4	0	32	0:32	#AAAAAA
utig4-5	0	25	0:25	#AAAAAA
utig4-6	0	59	0:59	#AAAAAA
utig4-7	0	46	0:46	#AAAAAA
utig4-8	0	39	0:39	#AAAAAA
utig4-9	0	63	0:63	#AAAAAA
utig4-10	0	32	0:32	#AAAAAA
utig4-11	0	0	0:0	#AAAAAA
utig4-12	0	32	0:32	#AAAAAA
utig4-13	0	41	0:41	#AAAAAA
utig4-14	0	32	0:32	#AAAAAA
utig4-15	0	32	0:32	#AAAAAA
utig4-16	0	46	0:46	#AAAAAA
utig4-17	0	10	0:10	#AAAAAA
utig4-18	0	61	0:61	#AAAAAA
utig4-19	0	61	0:61	#AAAAAA
utig4-20	0	0	0:0	#AAAAAA
utig4-21	0	0	0:0	#AAAAAA
utig4-22	264580	3041	264580:3041	#FF8888
utig4-23	0	24	0:24	#AAAAAA
utig4-24	1	0	1:0	#AAAAAA
utig4-25	67241	57	67241:57	#FF8888
utig4-26	133	77670	133:77670	#8888FF
utig4-27	79	0	79:0	#AAAAAA
utig4-28	300	197634	300:197634	#8888FF
utig4-29	13	41871	13:41871	#8888FF
utig4-30	0	0	0:0	#AAAAAA
utig4-31	2	13909	2:13909	#8888FF
utig4-32	0	0	0:0	#AAAAAA
utig4-33	9	0	9:0	#AAAAAA
utig4-34	16	0	16:0	#AAAAAA
utig4-35	38	0	38:0	#AAAAAA
utig4-36	16	0	16:0	#AAAAAA
utig4-37	16	0	16:0	#AAAAAA
utig4-38	9	0	9:0	#AAAAAA
utig4-39	0	0	0:0	#AAAAAA
utig4-40	0	0	0:0	#AAAAAA
utig4-41	0	0	0:0	#AAAAAA
utig4-42	16	0	16:0	#AAAAAA
utig4-43	6	0	6:0	#AAAAAA
utig4-44	0	0	0:0	#AAAAAA
utig4-45	0	0	0:0	#AAAAAA
utig4-46	0	0	0:0	#AAAAAA
utig4-47	0	0	0:0	#AAAAAA
utig4-48	0	0	0:0	#AAAAAA
utig4-49	21	0	21:0	#AAAAAA
utig4-50	0	0	0:0	#AAAAAA
utig4-51	0	0	0:0	#AAAAAA
utig4-52	0	0	0:0	#AAAAAA
utig4-53	0	0	0:0	#AAAAAA
utig4-54	0	0	0:0	#AAAAAA
utig4-55	0	0	0:0	#AAAAAA
utig4-56	0	0	0:0	#AAAAAA
utig4-57	0	0	0:0	#AAAAAA
utig4-58	0	0	0:0	#AAAAAA
utig4-59	0	0	0:0	#AAAAAA
utig4-60	0	0	0:0	#AAAAAA
utig4-61	0	0	0:0	#AAAAAA
utig4-62	0	0	0:0	#AAAAAA
utig4-63	0	0	0:0	#AAAAAA
utig4-64	0	0	0:0	#AAAAAA
utig4-65	0	18	0:18	#AAAAAA
utig4-66	0	30	0:30	#AAAAAA
utig4-67	0	0	0:0	#AAAAAA
utig4-68	0	0	0:0	#AAAAAA
utig4-69	0	12	0:12	#AAAAAA
utig4-70	0	30	0:30	#AAAAAA
utig4-71	0	0	0:0	#AAAAAA
utig4-72	0	30	0:30	#AAAAAA
utig4-73	0	0	0:0	#AAAAAA
utig4-74	0	40	0:40	#AAAAAA
utig4-75	30	0	30:0	#AAAAAA
utig4-76	449	173925	449:173925	#8888FF
utig4-77	227685	291	227685:291	#FF8888
utig4-78	0	0	0:0	#AAAAAA
utig4-79	39	0	39:0	#AAAAAA
utig4-80	0	30	0:30	#AAAAAA
utig4-81	0	30	0:30	#AAAAAA
utig4-82	0	0	0:0	#AAAAAA
utig4-83	0	0	0:0	#AAAAAA
utig4-84	1	118	1:118	#8888FF
utig4-85	193	136952	193:136952	#8888FF
utig4-86	103773	60	103773:60	#FF8888
utig4-87	504	120890	504:120890	#8888FF
utig4-88	139925	156	139925:156	#FF8888
utig4-89	0	25	0:25	#AAAAAA
utig4-90	7	0	7:0	#AAAAAA
utig4-91	7	0	7:0	#AAAAAA
utig4-92	58	0	58:0	#AAAAAA
utig4-93	0	0	0:0	#AAAAAA
utig4-94	0	25	0:25	#AAAAAA
utig4-95	0	0	0:0	#AAAAAA
utig4-96	0	0	0:0	#AAAAAA
utig4-97	0	0	0:0	#AAAAAA
utig4-98	41	0	41:0	#AAAAAA
utig4-99	144	0	144:0	#FF8888
utig4-100	0	178	0:178	#8888FF
utig4-101	21	0	21:0	#AAAAAA
utig4-102	0	477	0:477	#8888FF
utig4-103	0	0	0:0	#AAAAAA
utig4-104	0	0	0:0	#AAAAAA
utig4-105	0	0	0:0	#AAAAAA
utig4-106	0	0	0:0	#AAAAAA
utig4-107	0	0	0:0	#AAAAAA
utig4-108	0	0	0:0	#AAAAAA
utig4-109	0	0	0:0	#AAAAAA
utig4-110	13	0	13:0	#AAAAAA
utig4-111	0	0	0:0	#AAAAAA
utig4-112	0	0	0:0	#AAAAAA
utig4-113	0	0	0:0	#AAAAAA
utig4-114	0	0	0:0	#AAAAAA
utig4-115	37	0	37:0	#AAAAAA
utig4-116	5	0	5:0	#AAAAAA
utig4-117	0	0	0:0	#AAAAAA
utig4-118	0	65	0:65	#AAAAAA
utig4-119	0	0	0:0	#AAAAAA
utig4-120	0	0	0:0	#AAAAAA
utig4-121	0	0	0:0	#AAAAAA
utig4-122	0	0	0:0	#AAAAAA
utig4-123	7	0	7:0	#AAAAAA
utig4-124	7	0	7:0	#AAAAAA
utig4-125	0	0	0:0	#AAAAAA
utig4-126	8	0	8:0	#AAAAAA
utig4-127	7	0	7:0	#AAAAAA
utig4-128	14	0	14:0	#AAAAAA
utig4-129	20	0	20:0	#AAAAAA
utig4-130	7	0	7:0	#AAAAAA
utig4-131	7	0	7:0	#AAAAAA
utig4-132	7	0	7:0	#AAAAAA
utig4-133	0	0	0:0	#AAAAAA
utig4-134	0	0	0:0	#AAAAAA
utig4-135	0	0	0:0	#AAAAAA
utig4-136	0	0	0:0	#AAAAAA
utig4-137	0	0	0:0	#AAAAAA
utig4-138	0	0	0:0	#AAAAAA
utig4-139	0	4	0:4	#AAAAAA
utig4-140	0	0	0:0	#AAAAAA
utig4-141	5	0	5:0	#AAAAAA
utig4-142	0	0	0:0	#AAAAAA
utig4-143	0	0	0:0	#AAAAAA
utig4-144	0	0	0:0	#AAAAAA
utig4-145	10	0	10:0	#AAAAAA
utig4-146	0	0	0:0	#AAAAAA
utig4-147	0	0	0:0	#AAAAAA
utig4-148	0	0	0:0	#AAAAAA
utig4-149	3	0	3:0	#AAAAAA
utig4-150	0	0	0:0	#AAAAAA
utig4-151	0	0	0:0	#AAAAAA
utig4-152	0	0	0:0	#AAAAAA
utig4-153	0	0	0:0	#AAAAAA
utig4-154	0	0	0:0	#AAAAAA
utig4-155	24	0	24:0	#AAAAAA
utig4-156	0	0	0:0	#AAAAAA
utig4-157	0	0	0:0	#AAAAAA
utig4-158	33	0	33:0	#AAAAAA
utig4-159	0	0	0:0	#AAAAAA
utig4-160	0	0	0:0	#AAAAAA
utig4-161	0	0	0:0	#AAAAAA
utig4-162	3	0	3:0	#AAAAAA
utig4-163	0	0	0:0	#AAAAAA
utig4-164	0	0	0:0	#AAAAAA
utig4-165	16	0	16:0	#AAAAAA
utig4-166	0	0	0:0	#AAAAAA
utig4-167	0	0	0:0	#AAAAAA
utig4-168	0	0	0:0	#AAAAAA
utig4-169	0	0	0:0	#AAAAAA
utig4-170	0	0	0:0	#AAAAAA
utig4-171	0	0	0:0	#AAAAAA
utig4-172	0	0	0:0	#AAAAAA
utig4-173	33	0	33:0	#AAAAAA
utig4-174	0	0	0:0	#AAAAAA
utig4-175	26997	84	26997:84	#FF8888
utig4-176	109	30909	109:30909	#8888FF
utig4-177	151634	278	151634:278	#FF8888
utig4-178	494	164321	494:164321	#8888FF
utig4-179	821	241025	821:241025	#8888FF
utig4-180	0	0	0:0	#AAAAAA
utig4-181	0	0	0:0	#AAAAAA
utig4-182	0	48	0:48	#AAAAAA
utig4-183	0	48	0:48	#AAAAAA
utig4-184	7	420	7:420	#8888FF
utig4-185	0	41	0:41	#AAAAAA
utig4-186	0	40	0:40	#AAAAAA
utig4-187	0	0	0:0	#AAAAAA
utig4-188	10	0	10:0	#AAAAAA
utig4-189	0	0	0:0	#AAAAAA
utig4-190	0	18	0:18	#AAAAAA
utig4-191	29	0	29:0	#AAAAAA
utig4-192	0	0	0:0	#AAAAAA
utig4-193	0	0	0:0	#AAAAAA
utig4-194	0	23	0:23	#AAAAAA
utig4-195	0	15	0:15	#AAAAAA
utig4-196	0	23	0:23	#AAAAAA
utig4-197	0	0	0:0	#AAAAAA
utig4-198	0	0	0:0	#AAAAAA
utig4-199	0	0	0:0	#AAAAAA
utig4-200	6469	2	6469:2	#FF8888
utig4-201	0	0	0:0	#AAAAAA
utig4-202	66	0	66:0	#AAAAAA
utig4-203	25	0	25:0	#AAAAAA
utig4-204	0	26	0:26	#AAAAAA
utig4-205	0	0	0:0	#AAAAAA
utig4-206	0	15	0:15	#AAAAAA
utig4-207	0	15	0:15	#AAAAAA
utig4-208	0	0	0:0	#AAAAAA
utig4-209	9	0	9:0	#AAAAAA
utig4-210	0	15	0:15	#AAAAAA
utig4-211	0	26	0:26	#AAAAAA
utig4-212	0	56	0:56	#AAAAAA
utig4-213	0	0	0:0	#AAAAAA
utig4-214	0	0	0:0	#AAAAAA
utig4-215	0	0	0:0	#AAAAAA
utig4-216	65	10	65:10	#AAAAAA
utig4-217	0	0	0:0	#AAAAAA
utig4-218	0	0	0:0	#AAAAAA
utig4-219	0	0	0:0	#AAAAAA
utig4-220	0	0	0:0	#AAAAAA
utig4-221	0	25	0:25	#AAAAAA
utig4-222	0	0	0:0	#AAAAAA
utig4-223	17	0	17:0	#AAAAAA
utig4-224	7	385	7:385	#8888FF
utig4-225	7	385	7:385	#8888FF
utig4-226	0	0	0:0	#AAAAAA
utig4-227	0	0	0:0	#AAAAAA
utig4-228	0	25	0:25	#AAAAAA
utig4-229	0	0	0:0	#AAAAAA
utig4-230	0	0	0:0	#AAAAAA
utig4-231	0	0	0:0	#AAAAAA
utig4-232	5	0	5:0	#AAAAAA
utig4-233	7	0	7:0	#AAAAAA
utig4-234	24	0	24:0	#AAAAAA
utig4-235	12	0	12:0	#AAAAAA
utig4-236	7	0	7:0	#AAAAAA
utig4-237	62	0	62:0	#AAAAAA
utig4-238	0	0	0:0	#AAAAAA
utig4-239	0	0	0:0	#AAAAAA
utig4-240	0	0	0:0	#AAAAAA
utig4-241	0	14	0:14	#AAAAAA
utig4-242	0	0	0:0	#AAAAAA
utig4-243	57	0	57:0	#AAAAAA
utig4-244	0	0	0:0	#AAAAAA
utig4-245	7	0	7:0	#AAAAAA
utig4-246	7	0	7:0	#AAAAAA
utig4-247	7	0	7:0	#AAAAAA
utig4-248	0	22	0:22	#AAAAAA
utig4-249	15	0	15:0	#AAAAAA
utig4-250	0	43	0:43	#AAAAAA
utig4-251	0	0	0:0	#AAAAAA
utig4-252	59	2	59:2	#AAAAAA
utig4-253	0	0	0:0	#AAAAAA
utig4-254	2630	0	2630:0	#FF8888
utig4-255	114634	159	114634:159	#FF8888
utig4-256	114	85289	114:85289	#8888FF
utig4-257	29	0	29:0	#AAAAAA
utig4-258	0	389	0:389	#8888FF
utig4-259	0	0	0:0	#AAAAAA
utig4-260	0	25	0:25	#AAAAAA
utig4-261	17	0	17:0	#AAAAAA
utig4-262	0	0	0:0	#AAAAAA
utig4-263	0	0	0:0	#AAAAAA
utig4-264	1	5	1:5	#AAAAAA
utig4-265	0	0	0:0	#AAAAAA
utig4-266	3	0	3:0	#AAAAAA
utig4-267	739	366550	739:366550	#8888FF
utig4-268	474390	363	474390:363	#FF8888
utig4-269	25	8047	25:8047	#8888FF
utig4-270	3247	6	3247:6	#FF8888
utig4-271	17	0	17:0	#AAAAAA
utig4-272	1236	5	1236:5	#FF8888
utig4-273	24	0	24:0	#AAAAAA
utig4-274	24	0	24:0	#AAAAAA
utig4-275	24	0	24:0	#AAAAAA
utig4-276	24	0	24:0	#AAAAAA
utig4-277	24	0	24:0	#AAAAAA
utig4-278	24	0	24:0	#AAAAAA
utig4-279	75178	0	75178:0	#FF8888
utig4-280	73	0	73:0	#AAAAAA
utig4-281	70	0	70:0	#AAAAAA
utig4-282	53	0	53:0	#AAAAAA
utig4-283	53	0	53:0	#AAAAAA
utig4-284	70	0	70:0	#AAAAAA
utig4-285	77	0	77:0	#AAAAAA
utig4-286	49	0	49:0	#AAAAAA
utig4-287	49	0	49:0	#AAAAAA
utig4-288	53	0	53:0	#AAAAAA
utig4-289	53	0	53:0	#AAAAAA
utig4-290	11	2	11:2	#AAAAAA
utig4-291	470	130169	470:130169	#8888FF
utig4-292	150729	200	150729:200	#FF8888
utig4-293	35199	34	35199:34	#FF8888
utig4-294	12	17321	12:17321	#8888FF
utig4-295	60	37	60:37	#AAAAAA
utig4-296	29	8	29:8	#AAAAAA
utig4-297	7	0	7:0	#AAAAAA
utig4-298	7	0	7:0	#AAAAAA
utig4-299	36	0	36:0	#AAAAAA
utig4-300	55	0	55:0	#AAAAAA
utig4-301	7	0	7:0	#AAAAAA
utig4-302	7	0	7:0	#AAAAAA
utig4-303	55	0	55:0	#AAAAAA
utig4-304	36	0	36:0	#AAAAAA
utig4-305	24	0	24:0	#AAAAAA
utig4-306	7	0	7:0	#AAAAAA
utig4-307	48	0	48:0	#AAAAAA
utig4-308	21	0	21:0	#AAAAAA
utig4-309	9	0	9:0	#AAAAAA
utig4-310	0	45	0:45	#AAAAAA
utig4-311	0	257	0:257	#8888FF
utig4-312	0	24	0:24	#AAAAAA
utig4-313	0	129	0:129	#8888FF
utig4-314	0	0	0:0	#AAAAAA
utig4-315	4	0	4:0	#AAAAAA
utig4-316	22387	50	22387:50	#FF8888
utig4-317	162	22045	162:22045	#8888FF
utig4-318	70	0	70:0	#AAAAAA
utig4-319	113	0	113:0	#FF8888
utig4-320	78	0	78:0	#AAAAAA
utig4-321	78	0	78:0	#AAAAAA
utig4-322	148	0	148:0	#FF8888
utig4-323	78	0	78:0	#AAAAAA
utig4-324	0	0	0:0	#AAAAAA
utig4-325	109	14003	109:14003	#8888FF
utig4-326	12415	64	12415:64	#FF8888
utig4-327	214326	445	214326:445	#FF8888
utig4-328	204	23458	204:23458	#8888FF
utig4-329	125818	407	125818:407	#FF8888
utig4-330	619	140820	619:140820	#8888FF
utig4-331	0	22	0:22	#AAAAAA
utig4-332	0	0	0:0	#AAAAAA
utig4-333	0	0	0:0	#AAAAAA
utig4-334	0	0	0:0	#AAAAAA
utig4-335	0	0	0:0	#AAAAAA
utig4-336	19	0	19:0	#AAAAAA
utig4-337	77	0	77:0	#AAAAAA
utig4-338	77	0	77:0	#AAAAAA
utig4-339	77	0	77:0	#AAAAAA
utig4-340	67	0	67:0	#AAAAAA
utig4-341	65	0	65:0	#AAAAAA
utig4-342	80	0	80:0	#AAAAAA
utig4-343	77	0	77:0	#AAAAAA
utig4-344	17	0	17:0	#AAAAAA
utig4-345	17	0	17:0	#AAAAAA
utig4-346	10	0	10:0	#AAAAAA
utig4-347	82	0	82:0	#AAAAAA
utig4-348	58	0	58:0	#AAAAAA
utig4-349	67	0	67:0	#AAAAAA
utig4-350	58	0	58:0	#AAAAAA
utig4-351	0	34	0:34	#AAAAAA
utig4-352	0	66	0:66	#AAAAAA
utig4-353	0	24	0:24	#AAAAAA
utig4-354	0	0	0:0	#AAAAAA
utig4-355	0	0	0:0	#AAAAAA
utig4-356	0	0	0:0	#AAAAAA
utig4-357	0	0	0:0	#AAAAAA
utig4-358	20	0	20:0	#AAAAAA
utig4-359	0	16	0:16	#AAAAAA
utig4-360	0	16	0:16	#AAAAAA
utig4-361	0	0	0:0	#AAAAAA
utig4-362	0	0	0:0	#AAAAAA
utig4-363	0	0	0:0	#AAAAAA
utig4-364	0	0	0:0	#AAAAAA
utig4-365	0	216	0:216	#8888FF
utig4-366	0	41	0:41	#AAAAAA
utig4-367	0	41	0:41	#AAAAAA
utig4-368	0	262	0:262	#8888FF
utig4-369	0	229	0:229	#8888FF
utig4-370	66	0	66:0	#AAAAAA
utig4-371	86	0	86:0	#AAAAAA
utig4-372	55	0	55:0	#AAAAAA
utig4-373	78	0	78:0	#AAAAAA
utig4-374	121	0	121:0	#FF8888
utig4-375	0	0	0:0	#AAAAAA
utig4-376	793	343054	793:343054	#8888FF
utig4-377	17	0	17:0	#AAAAAA
utig4-378	3	0	3:0	#AAAAAA
utig4-379	0	0	0:0	#AAAAAA
utig4-380	1	0	1:0	#AAAAAA
utig4-381	637	0	637:0	#FF8888
utig4-382	29	1356	29:1356	#8888FF
utig4-383	7942	552	7942:552	#FF8888
utig4-384	22	12142	22:12142	#8888FF
utig4-385	104237	279	104237:279	#FF8888
utig4-386	1	4	1:4	#AAAAAA
utig4-387	1	0	1:0	#AAAAAA
utig4-388	0	16	0:16	#AAAAAA
utig4-389	0	16	0:16	#AAAAAA
utig4-390	0	0	0:0	#AAAAAA
utig4-391	336	92364	336:92364	#8888FF
utig4-392	371864	300	371864:300	#FF8888
utig4-393	537	324575	537:324575	#8888FF
utig4-394	84342	156	84342:156	#FF8888
utig4-395	0	0	0:0	#AAAAAA
utig4-396	0	0	0:0	#AAAAAA
utig4-397	0	30	0:30	#AAAAAA
utig4-398	0	0	0:0	#AAAAAA
utig4-399	24497	49	24497:49	#FF8888
utig4-400	52	16557	52:16557	#8888FF
utig4-401	0	531	0:531	#8888FF
utig4-402	0	111	0:111	#8888FF
utig4-403	0	219	0:219	#8888FF
utig4-404	7	0	7:0	#AAAAAA
utig4-405	45	0	45:0	#AAAAAA
utig4-406	0	0	0:0	#AAAAAA
utig4-407	0	0	0:0	#AAAAAA
utig4-408	0	0	0:0	#AAAAAA
utig4-409	0	0	0:0	#AAAAAA
utig4-410	0	0	0:0	#AAAAAA
utig4-411	0	0	0:0	#AAAAAA
utig4-412	38	0	38:0	#AAAAAA
utig4-413	0	0	0:0	#AAAAAA
utig4-414	0	14	0:14	#AAAAAA
utig4-415	0	186	0:186	#8888FF
utig4-416	0	24	0:24	#AAAAAA
utig4-417	0	57	0:57	#AAAAAA
utig4-418	0	56	0:56	#AAAAAA
utig4-419	0	0	0:0	#AAAAAA
utig4-420	0	0	0:0	#AAAAAA
utig4-421	88600	69	88600:69	#FF8888
utig4-422	84	48239	84:48239	#8888FF
utig4-423	106175	245	106175:245	#FF8888
utig4-424	159	137454	159:137454	#8888FF
utig4-425	21	0	21:0	#AAAAAA
utig4-426	0	0	0:0	#AAAAAA
utig4-427	0	0	0:0	#AAAAAA
utig4-428	24	0	24:0	#AAAAAA
utig4-429	10	0	10:0	#AAAAAA
utig4-430	30	0	30:0	#AAAAAA
utig4-431	0	88	0:88	#AAAAAA
utig4-432	146049	174	146049:174	#FF8888
utig4-433	341	133116	341:133116	#8888FF
utig4-434	0	0	0:0	#AAAAAA
utig4-435	0	0	0:0	#AAAAAA
utig4-436	30	0	30:0	#AAAAAA
utig4-437	97100	47	97100:47	#FF8888
utig4-438	133	97504	133:97504	#8888FF
utig4-439	0	0	0:0	#AAAAAA
utig4-440	0	0	0:0	#AAAAAA
utig4-441	13	0	13:0	#AAAAAA
utig4-442	0	0	0:0	#AAAAAA
utig4-443	0	19	0:19	#AAAAAA
utig4-444	69186	174	69186:174	#FF8888
utig4-445	271	72564	271:72564	#8888FF
utig4-446	152	77940	152:77940	#8888FF
utig4-447	85444	106	85444:106	#FF8888
utig4-448	0	0	0:0	#AAAAAA
utig4-449	137	135198	137:135198	#8888FF
utig4-450	140938	110	140938:110	#FF8888
utig4-451	0	0	0:0	#AAAAAA
utig4-452	218632	164	218632:164	#FF8888
utig4-453	309	262996	309:262996	#8888FF
utig4-454	305	150611	305:150611	#8888FF
utig4-455	216930	50	216930:50	#FF8888
utig4-456	1	0	1:0	#AAAAAA
utig4-457	211549	159	211549:159	#FF8888
utig4-458	463	270684	463:270684	#8888FF
utig4-459	56	59748	56:59748	#8888FF
utig4-460	61039	29	61039:29	#FF8888
utig4-461	0	0	0:0	#AAAAAA
utig4-462	434	157032	434:157032	#8888FF
utig4-463	170669	203	170669:203	#FF8888
utig4-464	157078	135	157078:135	#FF8888
utig4-465	181	154650	181:154650	#8888FF
utig4-466	0	0	0:0	#AAAAAA
utig4-467	45531	52	45531:52	#FF8888
utig4-468	78	41415	78:41415	#8888FF
utig4-469	5	0	5:0	#AAAAAA
utig4-470	35	97	35:97	#FFFF00
utig4-471	0	0	0:0	#AAAAAA
utig4-472	0	0	0:0	#AAAAAA
utig4-473	0	59	0:59	#AAAAAA
utig4-474	484681	599	484681:599	#FF8888
utig4-475	789	480215	789:480215	#8888FF
utig4-476	10	0	10:0	#AAAAAA
utig4-477	94736	191	94736:191	#FF8888
utig4-478	267	115002	267:115002	#8888FF
utig4-479	368	95644	368:95644	#8888FF
utig4-480	0	0	0:0	#AAAAAA
utig4-481	133677	170	133677:170	#FF8888
utig4-482	411	136341	411:136341	#8888FF
utig4-483	255	61435	255:61435	#8888FF
utig4-484	36185	77	36185:77	#FF8888
utig4-485	0	0	0:0	#AAAAAA
utig4-486	0	0	0:0	#AAAAAA
utig4-487	199	0	199:0	#FF8888
utig4-488	0	0	0:0	#AAAAAA
utig4-489	92884	127	92884:127	#FF8888
utig4-490	162	104086	162:104086	#8888FF
utig4-491	225426	170	225426:170	#FF8888
utig4-492	326	185744	326:185744	#8888FF
utig4-493	0	0	0:0	#AAAAAA
utig4-494	421	322765	421:322765	#8888FF
utig4-495	251066	228	251066:228	#FF8888
utig4-496	59225	85	59225:85	#FF8888
utig4-497	218	102180	218:102180	#8888FF
utig4-498	0	0	0:0	#AAAAAA
utig4-499	442	178835	442:178835	#8888FF
utig4-500	145609	249	145609:249	#FF8888
utig4-501	0	0	0:0	#AAAAAA
utig4-502	0	0	0:0	#AAAAAA
utig4-503	7	0	7:0	#AAAAAA
utig4-504	7	0	7:0	#AAAAAA
utig4-505	7	0	7:0	#AAAAAA
utig4-506	7	0	7:0	#AAAAAA
utig4-507	116392	7	116392:7	#FF8888
utig4-508	0	0	0:0	#AAAAAA
utig4-509	28	0	28:0	#AAAAAA
utig4-510	7	0	7:0	#AAAAAA
utig4-511	7	0	7:0	#AAAAAA
utig4-512	30	0	30:0	#AAAAAA
utig4-513	7	0	7:0	#AAAAAA
utig4-514	0	0	0:0	#AAAAAA
utig4-515	0	0	0:0	#AAAAAA
utig4-516	49	50402	49:50402	#8888FF
utig4-517	50721	97	50721:97	#FF8888
utig4-518	339	173369	339:173369	#8888FF
utig4-519	202122	313	202122:313	#FF8888
utig4-520	1	1	1:1	#AAAAAA
utig4-521	40044	109	40044:109	#FF8888
utig4-522	42	38796	42:38796	#8888FF
utig4-523	68551	71	68551:71	#FF8888
utig4-524	205	64098	205:64098	#8888FF
utig4-525	0	0	0:0	#AAAAAA
utig4-526	125	141848	125:141848	#8888FF
utig4-527	101137	136	101137:136	#FF8888
utig4-528	0	0	0:0	#AAAAAA
utig4-529	0	59	0:59	#AAAAAA
utig4-530	0	0	0:0	#AAAAAA
utig4-531	320489	325	320489:325	#FF8888
utig4-532	20141	150	20141:150	#FF8888
utig4-533	21	10	21:10	#AAAAAA
utig4-534	226623	296	226623:296	#FF8888
utig4-535	429	260390	429:260390	#8888FF
utig4-536	379	153765	379:153765	#8888FF
utig4-537	133708	194	133708:194	#FF8888
utig4-538	153012	108	153012:108	#FF8888
utig4-539	0	0	0:0	#AAAAAA
utig4-540	0	0	0:0	#AAAAAA
utig4-541	3738	0	3738:0	#FF8888
utig4-542	0	0	0:0	#AAAAAA
utig4-543	29	0	29:0	#AAAAAA
utig4-544	13	0	13:0	#AAAAAA
utig4-545	41	0	41:0	#AAAAAA
utig4-546	13	0	13:0	#AAAAAA
utig4-547	0	0	0:0	#AAAAAA
utig4-548	33	0	33:0	#AAAAAA
utig4-549	0	0	0:0	#AAAAAA
utig4-550	0	0	0:0	#AAAAAA
utig4-551	0	0	0:0	#AAAAAA
utig4-552	0	0	0:0	#AAAAAA
utig4-553	0	0	0:0	#AAAAAA
utig4-554	0	0	0:0	#AAAAAA
utig4-555	5	0	5:0	#AAAAAA
utig4-556	7	0	7:0	#AAAAAA
utig4-557	0	0	0:0	#AAAAAA
utig4-558	0	0	0:0	#AAAAAA
utig4-559	0	0	0:0	#AAAAAA
utig4-560	0	0	0:0	#AAAAAA
utig4-561	0	0	0:0	#AAAAAA
utig4-562	0	0	0:0	#AAAAAA
utig4-563	0	0	0:0	#AAAAAA
utig4-564	627	267757	627:267757	#8888FF
utig4-565	128	2165	128:2165	#8888FF
utig4-566	3358	7	3358:7	#FF8888
utig4-567	245194	273	245194:273	#FF8888
utig4-568	0	0	0:0	#AAAAAA
utig4-569	20	0	20:0	#AAAAAA
utig4-570	0	0	0:0	#AAAAAA
utig4-571	0	30	0:30	#AAAAAA
utig4-572	0	0	0:0	#AAAAAA
utig4-573	7	19	7:19	#AAAAAA
utig4-574	12	0	12:0	#AAAAAA
utig4-575	7	8	7:8	#AAAAAA
utig4-576	7	0	7:0	#AAAAAA
utig4-577	7	0	7:0	#AAAAAA
utig4-578	7	25	7:25	#AAAAAA
utig4-579	25	0	25:0	#AAAAAA
utig4-580	7	28	7:28	#AAAAAA
utig4-581	0	0	0:0	#AAAAAA
utig4-582	7	0	7:0	#AAAAAA
utig4-583	0	0	0:0	#AAAAAA
utig4-584	7	0	7:0	#AAAAAA
utig4-585	0	0	0:0	#AAAAAA
utig4-586	39	0	39:0	#AAAAAA
utig4-587	7	0	7:0	#AAAAAA
utig4-588	7	0	7:0	#AAAAAA
utig4-589	87	0	87:0	#AAAAAA
utig4-590	7	0	7:0	#AAAAAA
utig4-591	0	30	0:30	#AAAAAA
utig4-592	0	0	0:0	#AAAAAA
utig4-593	0	0	0:0	#AAAAAA
utig4-594	0	0	0:0	#AAAAAA
utig4-595	0	0	0:0	#AAAAAA
utig4-596	0	0	0:0	#AAAAAA
utig4-597	0	0	0:0	#AAAAAA
utig4-598	45	0	45:0	#AAAAAA
utig4-599	45	0	45:0	#AAAAAA
utig4-600	55	0	55:0	#AAAAAA
utig4-601	34	487107	34:487107	#8888FF
utig4-602	7	0	7:0	#AAAAAA
utig4-603	0	147	0:147	#8888FF
utig4-604	0	93	0:93	#AAAAAA
utig4-605	0	121	0:121	#8888FF
utig4-606	0	231	0:231	#8888FF
utig4-607	0	1091	0:1091	#8888FF
utig4-608	0	19	0:19	#AAAAAA
utig4-609	0	0	0:0	#AAAAAA
utig4-610	31	9091	31:9091	#8888FF
utig4-611	14042	23	14042:23	#FF8888
utig4-612	38715	56	38715:56	#FF8888
utig4-613	155	41319	155:41319	#8888FF
utig4-614	56	0	56:0	#AAAAAA
utig4-615	0	0	0:0	#AAAAAA
utig4-616	30	0	30:0	#AAAAAA
utig4-617	0	0	0:0	#AAAAAA
utig4-618	51	0	51:0	#AAAAAA
utig4-619	0	0	0:0	#AAAAAA
utig4-620	0	0	0:0	#AAAAAA
utig4-621	126	12393	126:12393	#8888FF
utig4-622	476	0	476:0	#FF8888
utig4-623	357	0	357:0	#FF8888
utig4-624	0	0	0:0	#AAAAAA
utig4-625	6	0	6:0	#AAAAAA
utig4-626	0	0	0:0	#AAAAAA
utig4-627	0	0	0:0	#AAAAAA
utig4-628	0	0	0:0	#AAAAAA
utig4-629	0	14	0:14	#AAAAAA
utig4-630	0	0	0:0	#AAAAAA
utig4-631	0	138	0:138	#8888FF
utig4-632	0	85	0:85	#AAAAAA
utig4-633	0	259	0:259	#8888FF
utig4-634	0	229	0:229	#8888FF
utig4-635	0	496	0:496	#8888FF
utig4-636	7	0	7:0	#AAAAAA
utig4-637	45	0	45:0	#AAAAAA
utig4-638	36	0	36:0	#AAAAAA
utig4-639	7	0	7:0	#AAAAAA
utig4-640	7	0	7:0	#AAAAAA
utig4-641	55	0	55:0	#AAAAAA
utig4-642	56	0	56:0	#AAAAAA
utig4-643	189	38773	189:38773	#8888FF
utig4-644	0	149	0:149	#8888FF
utig4-645	108	19777	108:19777	#8888FF
utig4-646	0	0	0:0	#AAAAAA
utig4-647	36	0	36:0	#AAAAAA
utig4-648	0	0	0:0	#AAAAAA
utig4-649	5	0	5:0	#AAAAAA
utig4-650	0	0	0:0	#AAAAAA
utig4-651	14	0	14:0	#AAAAAA
utig4-652	0	0	0:0	#AAAAAA
utig4-653	9168	11	9168:11	#FF8888
utig4-654	2152	72	2152:72	#FF8888
utig4-655	8	3098	8:3098	#8888FF
utig4-656	0	0	0:0	#AAAAAA
utig4-657	24	0	24:0	#AAAAAA
utig4-658	24	0	24:0	#AAAAAA
utig4-659	56	0	56:0	#AAAAAA
utig4-660	36	0	36:0	#AAAAAA
utig4-661	53	0	53:0	#AAAAAA
utig4-662	27	0	27:0	#AAAAAA
utig4-663	27	0	27:0	#AAAAAA
utig4-664	195986	295	195986:295	#FF8888
utig4-665	29	0	29:0	#AAAAAA
utig4-666	48	0	48:0	#AAAAAA
utig4-667	602	205219	602:205219	#8888FF
utig4-668	157	92137	157:92137	#8888FF
utig4-669	0	0	0:0	#AAAAAA
utig4-670	18	0	18:0	#AAAAAA
utig4-671	60	0	60:0	#AAAAAA
utig4-672	13	0	13:0	#AAAAAA
utig4-673	0	0	0:0	#AAAAAA
utig4-674	18	0	18:0	#AAAAAA
utig4-675	18	0	18:0	#AAAAAA
utig4-676	0	0	0:0	#AAAAAA
utig4-677	16	0	16:0	#AAAAAA
utig4-678	0	0	0:0	#AAAAAA
utig4-679	0	32	0:32	#AAAAAA
utig4-680	0	0	0:0	#AAAAAA
utig4-681	0	32	0:32	#AAAAAA
utig4-682	0	32	0:32	#AAAAAA
utig4-683	0	32	0:32	#AAAAAA
utig4-684	3	5304	3:5304	#8888FF
utig4-685	0	23	0:23	#AAAAAA
utig4-686	0	23	0:23	#AAAAAA
utig4-687	0	5	0:5	#AAAAAA
utig4-688	0	5	0:5	#AAAAAA
utig4-689	0	43	0:43	#AAAAAA
utig4-690	0	120	0:120	#8888FF
utig4-691	0	120	0:120	#8888FF
utig4-692	0	43	0:43	#AAAAAA
utig4-693	0	43	0:43	#AAAAAA
utig4-694	19	1	19:1	#AAAAAA
utig4-695	73	52785	73:52785	#8888FF
utig4-696	44125	85	44125:85	#FF8888
utig4-697	367	201424	367:201424	#8888FF
utig4-698	10	14437	10:14437	#8888FF
utig4-699	19	0	19:0	#AAAAAA
utig4-700	38	0	38:0	#AAAAAA
utig4-701	55	0	55:0	#AAAAAA
utig4-702	26	0	26:0	#AAAAAA
utig4-703	24	0	24:0	#AAAAAA
utig4-704	55	0	55:0	#AAAAAA
utig4-705	55	0	55:0	#AAAAAA
utig4-706	0	0	0:0	#AAAAAA
utig4-707	0	30	0:30	#AAAAAA
utig4-708	7679	63	7679:63	#FF8888
utig4-709	14	7537	14:7537	#8888FF
utig4-710	604	195820	604:195820	#8888FF
utig4-711	235390	345	235390:345	#FF8888
utig4-712	24	0	24:0	#AAAAAA
utig4-713	34	0	34:0	#AAAAAA
utig4-714	58	0	58:0	#AAAAAA
utig4-715	92	0	92:0	#AAAAAA
utig4-716	58	0	58:0	#AAAAAA
utig4-717	111	0	111:0	#FF8888
utig4-718	94438	0	94438:0	#FF8888
utig4-719	0	9	0:9	#AAAAAA
utig4-720	0	0	0:0	#AAAAAA
utig4-721	27483	24	27483:24	#FF8888
utig4-722	0	0	0:0	#AAAAAA
utig4-723	0	0	0:0	#AAAAAA
utig4-724	0	0	0:0	#AAAAAA
utig4-725	0	0	0:0	#AAAAAA
utig4-726	0	0	0:0	#AAAAAA
utig4-727	0	0	0:0	#AAAAAA
utig4-728	0	0	0:0	#AAAAAA
utig4-729	6	0	6:0	#AAAAAA
utig4-730	101291	79	101291:79	#FF8888
utig4-731	19240	36	19240:36	#FF8888
utig4-732	0	0	0:0	#AAAAAA
utig4-733	16	0	16:0	#AAAAAA
utig4-734	16	0	16:0	#AAAAAA
utig4-735	0	0	0:0	#AAAAAA
utig4-736	16	0	16:0	#AAAAAA
utig4-737	129483	130	129483:130	#FF8888
utig4-738	25	0	25:0	#AAAAAA
utig4-739	25	0	25:0	#AAAAAA
utig4-740	2	0	2:0	#AAAAAA
utig4-741	49	18752	49:18752	#8888FF
utig4-742	27116	2	27116:2	#FF8888
utig4-743	67	82779	67:82779	#8888FF
utig4-744	47780	110	47780:110	#FF8888
utig4-745	13028	8	13028:8	#FF8888
utig4-746	22	0	22:0	#AAAAAA
utig4-747	13751	15	13751:15	#FF8888
utig4-748	195	8591	195:8591	#8888FF
utig4-749	127	19461	127:19461	#8888FF
utig4-750	14388	83	14388:83	#FF8888
utig4-751	84	26301	84:26301	#8888FF
utig4-752	71520	145	71520:145	#FF8888
utig4-753	0	64	0:64	#AAAAAA
utig4-754	30	5	30:5	#AAAAAA
utig4-755	13893	39	13893:39	#FF8888
utig4-756	19	19614	19:19614	#8888FF
utig4-757	216	48291	216:48291	#8888FF
utig4-758	13	13750	13:13750	#8888FF
utig4-759	20122	1	20122:1	#FF8888
utig4-760	77	16820	77:16820	#8888FF
utig4-761	44	8720	44:8720	#8888FF
utig4-762	6930	7	6930:7	#FF8888
utig4-763	255710	363	255710:363	#FF8888
utig4-764	26366	39	26366:39	#FF8888
utig4-765	60	30687	60:30687	#8888FF
utig4-766	398	238304	398:238304	#8888FF
utig4-767	382323	415	382323:415	#FF8888
utig4-768	0	1160	0:1160	#8888FF
utig4-769	11696	78	11696:78	#FF8888
utig4-770	27	4	27:4	#AAAAAA
utig4-771	6	4	6:4	#AAAAAA
utig4-772	655	117574	655:117574	#8888FF
utig4-773	49777	78	49777:78	#FF8888
utig4-774	179	68507	179:68507	#8888FF
utig4-775	63747	202	63747:202	#FF8888
utig4-776	0	324	0:324	#8888FF
utig4-777	0	226	0:226	#8888FF
utig4-778	0	215	0:215	#8888FF
utig4-779	0	138	0:138	#8888FF
utig4-780	0	141	0:141	#8888FF
utig4-781	0	212	0:212	#8888FF
utig4-782	0	141	0:141	#8888FF
utig4-783	0	141	0:141	#8888FF
utig4-784	219	132360	219:132360	#8888FF
utig4-785	588	336065	588:336065	#8888FF
utig4-786	361579	381	361579:381	#FF8888
utig4-787	0	147	0:147	#8888FF
utig4-788	0	233	0:233	#8888FF
utig4-789	256600	196	256600:196	#FF8888
utig4-790	57	10	57:10	#AAAAAA
utig4-791	0	0	0:0	#AAAAAA
utig4-792	0	150003	0:150003	#8888FF
utig4-793	0	33307	0:33307	#8888FF
utig4-794	4	831227	4:831227	#8888FF
utig4-795	0	9190482	0:9190482	#8888FF
utig4-796	0	26055	0:26055	#8888FF
utig4-797	0	915451	0:915451	#8888FF
utig4-798	176696	250	176696:250	#FF8888
utig4-799	23692	21	23692:21	#FF8888
utig4-800	0	29	0:29	#AAAAAA
utig4-801	3	0	3:0	#AAAAAA
utig4-802	267571	157	267571:157	#FF8888
utig4-803	73	27538	73:27538	#8888FF
utig4-804	0	27	0:27	#AAAAAA
utig4-805	29	0	29:0	#AAAAAA
utig4-806	0	519	0:519	#8888FF
utig4-807	5	16689	5:16689	#8888FF
utig4-808	0	466	0:466	#8888FF
utig4-809	0	0	0:0	#AAAAAA
utig4-810	0	28	0:28	#AAAAAA
utig4-811	0	4	0:4	#AAAAAA
utig4-812	0	0	0:0	#AAAAAA
utig4-813	0	0	0:0	#AAAAAA
utig4-814	0	0	0:0	#AAAAAA
utig4-815	0	0	0:0	#AAAAAA
utig4-816	75	10889748	75:10889748	#8888FF
utig4-817	1039819	81	1039819:81	#FF8888
utig4-818	13189	84	13189:84	#FF8888
utig4-819	30	0	30:0	#AAAAAA
utig4-820	32	158	32:158	#FFFF00
utig4-821	62	0	62:0	#AAAAAA
utig4-822	171389	104	171389:104	#FF8888
utig4-823	355	179718	355:179718	#8888FF
utig4-824	338346	3773	338346:3773	#FF8888
utig4-825	7278	18	7278:18	#FF8888
utig4-826	575	7499	575:7499	#8888FF
utig4-827	24	2585	24:2585	#8888FF
utig4-828	2916	35	2916:35	#FF8888
utig4-829	34	0	34:0	#AAAAAA
utig4-830	0	0	0:0	#AAAAAA
utig4-831	9	0	9:0	#AAAAAA
utig4-832	0	0	0:0	#AAAAAA
utig4-833	0	4	0:4	#AAAAAA
utig4-834	0	0	0:0	#AAAAAA
utig4-835	0	0	0:0	#AAAAAA
utig4-836	0	3	0:3	#AAAAAA
utig4-837	0	0	0:0	#AAAAAA
utig4-838	38	0	38:0	#AAAAAA
utig4-839	0	0	0:0	#AAAAAA
utig4-840	0	0	0:0	#AAAAAA
utig4-841	0	0	0:0	#AAAAAA
utig4-842	0	0	0:0	#AAAAAA
utig4-843	38	0	38:0	#AAAAAA
utig4-844	9	0	9:0	#AAAAAA
utig4-845	7	0	7:0	#AAAAAA
utig4-846	438139	19	438139:19	#FF8888
utig4-847	0	90	0:90	#AAAAAA
utig4-848	56	0	56:0	#AAAAAA
utig4-849	67	0	67:0	#AAAAAA
utig4-850	56	0	56:0	#AAAAAA
utig4-851	17	0	17:0	#AAAAAA
utig4-852	17	0	17:0	#AAAAAA
utig4-853	39	0	39:0	#AAAAAA
utig4-854	54	0	54:0	#AAAAAA
utig4-855	27	0	27:0	#AAAAAA
utig4-856	145	0	145:0	#FF8888
utig4-857	56	0	56:0	#AAAAAA
utig4-858	27	0	27:0	#AAAAAA
utig4-859	29	0	29:0	#AAAAAA
utig4-860	19	0	19:0	#AAAAAA
utig4-861	77	0	77:0	#AAAAAA
utig4-862	96	0	96:0	#AAAAAA
utig4-863	36	0	36:0	#AAAAAA
utig4-864	29	0	29:0	#AAAAAA
utig4-865	3	24	3:24	#AAAAAA
utig4-866	35118	49	35118:49	#FF8888
utig4-867	73	47464	73:47464	#8888FF
utig4-868	14779	61	14779:61	#FF8888
utig4-869	54	11140	54:11140	#8888FF
utig4-870	0	231	0:231	#8888FF
utig4-871	0	879	0:879	#8888FF
utig4-872	0	697	0:697	#8888FF
utig4-873	0	99	0:99	#AAAAAA
utig4-874	0	68	0:68	#AAAAAA
utig4-875	0	77	0:77	#AAAAAA
utig4-876	1369	20	1369:20	#FF8888
utig4-877	129364	155	129364:155	#FF8888
utig4-878	212	129226	212:129226	#8888FF
utig4-879	12	928	12:928	#8888FF
utig4-880	50	39420	50:39420	#8888FF
utig4-881	63313	41	63313:41	#FF8888
utig4-882	43	0	43:0	#AAAAAA
utig4-883	294248	298	294248:298	#FF8888
utig4-884	27	676	27:676	#8888FF
utig4-885	3211	0	3211:0	#FF8888
utig4-886	183	1	183:1	#FF8888
utig4-887	0	91	0:91	#AAAAAA
utig4-888	59	0	59:0	#AAAAAA
utig4-889	0	0	0:0	#AAAAAA
utig4-890	0	0	0:0	#AAAAAA
utig4-891	0	0	0:0	#AAAAAA
utig4-892	2185	16	2185:16	#FF8888
utig4-893	0	142	0:142	#8888FF
utig4-894	0	96	0:96	#AAAAAA
utig4-895	47	21423	47:21423	#8888FF
utig4-896	13072	0	13072:0	#FF8888
utig4-897	74172	189	74172:189	#FF8888
utig4-898	215	70723	215:70723	#8888FF
utig4-899	0	32	0:32	#AAAAAA
utig4-900	28	12131	28:12131	#8888FF
utig4-901	116636	381	116636:381	#FF8888
utig4-902	460	106857	460:106857	#8888FF
utig4-903	787	104966	787:104966	#8888FF
utig4-904	120298	318	120298:318	#FF8888
utig4-905	106	0	106:0	#FF8888
utig4-906	409	273303	409:273303	#8888FF
utig4-907	235209	361	235209:361	#FF8888
utig4-908	0	9	0:9	#AAAAAA
utig4-909	0	490	0:490	#8888FF
utig4-910	0	51	0:51	#AAAAAA
utig4-911	0	20	0:20	#AAAAAA
utig4-912	0	27	0:27	#AAAAAA
utig4-913	0	35	0:35	#AAAAAA
utig4-914	0	176	0:176	#8888FF
utig4-915	0	69	0:69	#AAAAAA
utig4-916	0	0	0:0	#AAAAAA
utig4-917	38	46405	38:46405	#8888FF
utig4-918	43766	98	43766:98	#FF8888
utig4-919	128510	185	128510:185	#FF8888
utig4-920	266	111256	266:111256	#8888FF
utig4-921	0	0	0:0	#AAAAAA
utig4-922	0	0	0:0	#AAAAAA
utig4-923	0	0	0:0	#AAAAAA
utig4-924	6	0	6:0	#AAAAAA
utig4-925	9029	62	9029:62	#FF8888
utig4-926	0	0	0:0	#AAAAAA
utig4-927	0	0	0:0	#AAAAAA
utig4-928	0	0	0:0	#AAAAAA
utig4-929	0	0	0:0	#AAAAAA
utig4-930	0	12205	0:12205	#8888FF
utig4-931	344	285836	344:285836	#8888FF
utig4-932	0	0	0:0	#AAAAAA
utig4-933	0	176	0:176	#8888FF
utig4-934	103	0	103:0	#FF8888
utig4-935	148	0	148:0	#FF8888
utig4-936	10	0	10:0	#AAAAAA
utig4-937	17	0	17:0	#AAAAAA
utig4-938	24	0	24:0	#AAAAAA
utig4-939	7	0	7:0	#AAAAAA
utig4-940	0	2	0:2	#AAAAAA
utig4-941	0	13	0:13	#AAAAAA
utig4-942	0	13	0:13	#AAAAAA
utig4-943	0	142	0:142	#8888FF
utig4-944	0	289	0:289	#8888FF
utig4-945	0	328	0:328	#8888FF
utig4-946	0	105	0:105	#8888FF
utig4-947	0	487	0:487	#8888FF
utig4-948	0	2644	0:2644	#8888FF
utig4-949	0	60	0:60	#AAAAAA
utig4-950	0	20819	0:20819	#8888FF
utig4-951	26	0	26:0	#AAAAAA
utig4-952	185645	274	185645:274	#FF8888
utig4-953	371	239459	371:239459	#8888FF
utig4-954	0	443	0:443	#8888FF
utig4-955	0	0	0:0	#AAAAAA
utig4-956	0	0	0:0	#AAAAAA
utig4-957	17	0	17:0	#AAAAAA
utig4-958	47	0	47:0	#AAAAAA
utig4-959	0	5860	0:5860	#8888FF
utig4-960	9071	15	9071:15	#FF8888
utig4-961	0	94	0:94	#AAAAAA
utig4-962	367	182818	367:182818	#8888FF
utig4-963	150288	115	150288:115	#FF8888
utig4-964	17	349005	17:349005	#8888FF
utig4-965	0	0	0:0	#AAAAAA
utig4-966	0	18	0:18	#AAAAAA
utig4-967	72	0	72:0	#AAAAAA
utig4-968	0	0	0:0	#AAAAAA
utig4-969	139	42564	139:42564	#8888FF
utig4-970	52	38605	52:38605	#8888FF
utig4-971	644	238569	644:238569	#8888FF
utig4-972	58	22148	58:22148	#8888FF
utig4-973	200206	118	200206:118	#FF8888
utig4-974	0	0	0:0	#AAAAAA
utig4-975	6865	0	6865:0	#FF8888
utig4-976	237593	87	237593:87	#FF8888
utig4-977	103	143106	103:143106	#8888FF
utig4-978	20402	9	20402:9	#FF8888
utig4-979	63	18057	63:18057	#8888FF
utig4-980	156471	170	156471:170	#FF8888
utig4-981	20	0	20:0	#AAAAAA
utig4-982	73145	66	73145:66	#FF8888
utig4-983	160	62781	160:62781	#8888FF
utig4-984	2	30	2:30	#AAAAAA
utig4-985	0	0	0:0	#AAAAAA
utig4-986	0	30	0:30	#AAAAAA
utig4-987	0	0	0:0	#AAAAAA
utig4-988	0	0	0:0	#AAAAAA
utig4-989	0	30	0:30	#AAAAAA
utig4-990	0	30	0:30	#AAAAAA
utig4-991	0	43	0:43	#AAAAAA
utig4-992	0	0	0:0	#AAAAAA
utig4-993	188054	246	188054:246	#FF8888
utig4-994	723	172586	723:172586	#8888FF
utig4-995	30	0	30:0	#AAAAAA
utig4-996	0	28	0:28	#AAAAAA
utig4-997	0	873	0:873	#8888FF
utig4-998	0	141	0:141	#8888FF
utig4-999	55	0	55:0	#AAAAAA
utig4-1000	49950	41	49950:41	#FF8888
utig4-1001	35981	10	35981:10	#FF8888
utig4-1002	31	18093	31:18093	#8888FF
utig4-1003	95	12250	95:12250	#8888FF
utig4-1004	1137	396821	1137:396821	#8888FF
utig4-1005	194127	475	194127:475	#FF8888
utig4-1006	0	125	0:125	#8888FF
utig4-1007	0	105	0:105	#8888FF
utig4-1008	9	0	9:0	#AAAAAA
utig4-1009	1	267	1:267	#8888FF
utig4-1010	0	28	0:28	#AAAAAA
utig4-1011	0	171	0:171	#8888FF
utig4-1012	0	173	0:173	#8888FF
utig4-1013	0	0	0:0	#AAAAAA
utig4-1014	30025	0	30025:0	#FF8888
utig4-1015	137	229207	137:229207	#8888FF
utig4-1016	11	1271	11:1271	#8888FF
utig4-1017	0	0	0:0	#AAAAAA
utig4-1018	0	0	0:0	#AAAAAA
utig4-1019	0	0	0:0	#AAAAAA
utig4-1020	0	22	0:22	#AAAAAA
utig4-1021	0	0	0:0	#AAAAAA
utig4-1022	0	0	0:0	#AAAAAA
utig4-1023	0	0	0:0	#AAAAAA
utig4-1024	0	30	0:30	#AAAAAA
utig4-1025	0	30	0:30	#AAAAAA
utig4-1026	0	30	0:30	#AAAAAA
utig4-1027	0	223	0:223	#8888FF
utig4-1028	0	173	0:173	#8888FF
utig4-1029	0	430	0:430	#8888FF
utig4-1030	0	280	0:280	#8888FF
utig4-1031	325526	135	325526:135	#FF8888
utig4-1032	0	451	0:451	#8888FF
utig4-1033	5489	0	5489:0	#FF8888
utig4-1034	0	70	0:70	#AAAAAA
utig4-1035	333	169948	333:169948	#8888FF
utig4-1036	0	358	0:358	#8888FF
utig4-1037	0	3321	0:3321	#8888FF
utig4-1038	0	88	0:88	#AAAAAA
utig4-1039	0	0	0:0	#AAAAAA
utig4-1040	126880	235	126880:235	#FF8888
utig4-1041	338	107949	338:107949	#8888FF
utig4-1042	0	1	0:1	#AAAAAA
utig4-1043	151	39662	151:39662	#8888FF
utig4-1044	34119	46	34119:46	#FF8888
utig4-1045	0	97	0:97	#AAAAAA
utig4-1046	0	48	0:48	#AAAAAA
utig4-1047	0	98	0:98	#AAAAAA
utig4-1048	382	227196	382:227196	#8888FF
utig4-1049	0	30	0:30	#AAAAAA
utig4-1050	0	0	0:0	#AAAAAA
utig4-1051	0	30	0:30	#AAAAAA
utig4-1052	144798	278	144798:278	#FF8888
utig4-1053	449	179498	449:179498	#8888FF
utig4-1054	0	30	0:30	#AAAAAA
utig4-1055	51196	98	51196:98	#FF8888
utig4-1056	126	54289	126:54289	#8888FF
utig4-1057	0	307	0:307	#8888FF
utig4-1058	0	185	0:185	#8888FF
utig4-1059	0	332	0:332	#8888FF
utig4-1060	5	97	5:97	#8888FF
utig4-1061	307	102068	307:102068	#8888FF
utig4-1062	87482	81	87482:81	#FF8888
utig4-1063	15503	87	15503:87	#FF8888
utig4-1064	115	15761	115:15761	#8888FF
utig4-1065	0	16513	0:16513	#8888FF
utig4-1066	0	6823	0:6823	#8888FF
utig4-1067	0	11889	0:11889	#8888FF
utig4-1068	0	9872	0:9872	#8888FF
utig4-1069	0	9875	0:9875	#8888FF
utig4-1070	0	214	0:214	#8888FF
utig4-1071	114	24837	114:24837	#8888FF
utig4-1072	100599	60	100599:60	#FF8888
utig4-1073	199	68063	199:68063	#8888FF
utig4-1074	0	0	0:0	#AAAAAA
utig4-1075	0	30	0:30	#AAAAAA
utig4-1076	0	37	0:37	#AAAAAA
utig4-1077	1508	234445	1508:234445	#8888FF
utig4-1078	239947	235	239947:235	#FF8888
utig4-1079	627	0	627:0	#FF8888
utig4-1080	0	77	0:77	#AAAAAA
utig4-1081	0	0	0:0	#AAAAAA
utig4-1082	100539	137	100539:137	#FF8888
utig4-1083	19	1	19:1	#AAAAAA
utig4-1084	427	153679	427:153679	#8888FF
utig4-1085	0	1195	0:1195	#8888FF
utig4-1086	0	31	0:31	#AAAAAA
utig4-1087	0	0	0:0	#AAAAAA
utig4-1088	187962	256	187962:256	#FF8888
utig4-1089	417	155775	417:155775	#8888FF
utig4-1090	313	137072	313:137072	#8888FF
utig4-1091	132461	237	132461:237	#FF8888
utig4-1092	0	0	0:0	#AAAAAA
utig4-1093	0	0	0:0	#AAAAAA
utig4-1094	0	27	0:27	#AAAAAA
utig4-1095	0	0	0:0	#AAAAAA
utig4-1096	7	0	7:0	#AAAAAA
utig4-1097	208362	117	208362:117	#FF8888
utig4-1098	295	206665	295:206665	#8888FF
utig4-1099	67228	96	67228:96	#FF8888
utig4-1100	125	67958	125:67958	#8888FF
utig4-1101	0	0	0:0	#AAAAAA
utig4-1102	30	0	30:0	#AAAAAA
utig4-1103	0	0	0:0	#AAAAAA
utig4-1104	0	0	0:0	#AAAAAA
utig4-1105	0	0	0:0	#AAAAAA
utig4-1106	0	151	0:151	#8888FF
utig4-1107	0	112	0:112	#8888FF
utig4-1108	0	50	0:50	#AAAAAA
utig4-1109	0	1	0:1	#AAAAAA
utig4-1110	90	0	90:0	#AAAAAA
utig4-1111	2	63	2:63	#AAAAAA
utig4-1112	203	77519	203:77519	#8888FF
utig4-1113	0	38	0:38	#AAAAAA
utig4-1114	25	0	25:0	#AAAAAA
utig4-1115	68592	45	68592:45	#FF8888
utig4-1116	160	65546	160:65546	#8888FF
utig4-1117	28679	7	28679:7	#FF8888
utig4-1118	0	0	0:0	#AAAAAA
utig4-1119	0	0	0:0	#AAAAAA
utig4-1120	30	0	30:0	#AAAAAA
utig4-1121	0	0	0:0	#AAAAAA
utig4-1122	184	0	184:0	#FF8888
utig4-1123	1	56	1:56	#AAAAAA
utig4-1124	0	0	0:0	#AAAAAA
utig4-1125	0	0	0:0	#AAAAAA
utig4-1126	172714	239	172714:239	#FF8888
utig4-1127	384	143032	384:143032	#8888FF
utig4-1128	360	206801	360:206801	#8888FF
utig4-1129	240362	180	240362:180	#FF8888
utig4-1130	0	0	0:0	#AAAAAA
utig4-1131	0	0	0:0	#AAAAAA
utig4-1132	27	0	27:0	#AAAAAA
utig4-1133	73625	182	73625:182	#FF8888
utig4-1134	368	96074	368:96074	#8888FF
utig4-1135	0	0	0:0	#AAAAAA
utig4-1136	98815	103	98815:103	#FF8888
utig4-1137	162	70828	162:70828	#8888FF
utig4-1138	0	0	0:0	#AAAAAA
utig4-1139	167489	127	167489:127	#FF8888
utig4-1140	313	138091	313:138091	#8888FF
utig4-1141	857	250319	857:250319	#8888FF
utig4-1142	285616	426	285616:426	#FF8888
utig4-1143	0	0	0:0	#AAAAAA
utig4-1144	33	6287	33:6287	#8888FF
utig4-1145	5997	8	5997:8	#FF8888
utig4-1146	0	0	0:0	#AAAAAA
utig4-1147	817	7	817:7	#FF8888
utig4-1148	6	895	6:895	#8888FF
utig4-1149	306031	534	306031:534	#FF8888
utig4-1150	1078	315546	1078:315546	#8888FF
utig4-1151	0	0	0:0	#AAAAAA
utig4-1152	169	30305	169:30305	#8888FF
utig4-1153	30851	45	30851:45	#FF8888
utig4-1154	23910	77	23910:77	#FF8888
utig4-1155	268	18465	268:18465	#8888FF
utig4-1156	0	22	0:22	#AAAAAA
utig4-1157	0	30	0:30	#AAAAAA
utig4-1158	0	0	0:0	#AAAAAA
utig4-1159	321992	333	321992:333	#FF8888
utig4-1160	466	292042	466:292042	#8888FF
utig4-1161	87213	73	87213:73	#FF8888
utig4-1162	206	88983	206:88983	#8888FF
utig4-1163	0	0	0:0	#AAAAAA
utig4-1164	139	34694	139:34694	#8888FF
utig4-1165	43058	33	43058:33	#FF8888
utig4-1166	0	0	0:0	#AAAAAA
utig4-1167	178162	162	178162:162	#FF8888
utig4-1168	0	0	0:0	#AAAAAA
utig4-1169	72204	89	72204:89	#FF8888
utig4-1170	151	89488	151:89488	#8888FF
utig4-1171	0	4	0:4	#AAAAAA
utig4-1172	0	0	0:0	#AAAAAA
utig4-1173	0	0	0:0	#AAAAAA
utig4-1174	0	0	0:0	#AAAAAA
utig4-1175	0	1776	0:1776	#8888FF
utig4-1176	1959	3	1959:3	#FF8888
utig4-1177	0	0	0:0	#AAAAAA
utig4-1178	0	40	0:40	#AAAAAA
utig4-1179	16680	8	16680:8	#FF8888
utig4-1180	17	1748	17:1748	#8888FF
utig4-1181	3	0	3:0	#AAAAAA
utig4-1182	190781	332	190781:332	#FF8888
utig4-1183	457	168634	457:168634	#8888FF
utig4-1184	0	82	0:82	#AAAAAA
utig4-1185	11	0	11:0	#AAAAAA
utig4-1186	30780	11	30780:11	#FF8888
utig4-1187	10	25767	10:25767	#8888FF
utig4-1188	65	5075	65:5075	#8888FF
utig4-1189	6388	77	6388:77	#FF8888
utig4-1190	0	0	0:0	#AAAAAA
utig4-1191	3	4523	3:4523	#8888FF
utig4-1192	3773	0	3773:0	#FF8888
utig4-1193	0	0	0:0	#AAAAAA
utig4-1194	29	0	29:0	#AAAAAA
utig4-1195	0	0	0:0	#AAAAAA
utig4-1196	207	101252	207:101252	#8888FF
utig4-1197	110148	115	110148:115	#FF8888
utig4-1198	113	46827	113:46827	#8888FF
utig4-1199	37820	77	37820:77	#FF8888
utig4-1200	0	0	0:0	#AAAAAA
utig4-1201	0	0	0:0	#AAAAAA
utig4-1202	0	0	0:0	#AAAAAA
utig4-1203	55843	39	55843:39	#FF8888
utig4-1204	113	75312	113:75312	#8888FF
utig4-1205	0	0	0:0	#AAAAAA
utig4-1206	0	0	0:0	#AAAAAA
utig4-1207	444	166172	444:166172	#8888FF
utig4-1208	297964	187	297964:187	#FF8888
utig4-1209	237	28065	237:28065	#8888FF
utig4-1210	35789	120	35789:120	#FF8888
utig4-1211	596	261867	596:261867	#8888FF
utig4-1212	0	0	0:0	#AAAAAA
utig4-1213	108	60453	108:60453	#8888FF
utig4-1214	50011	80	50011:80	#FF8888
utig4-1215	311	99907	311:99907	#8888FF
utig4-1216	0	0	0:0	#AAAAAA
utig4-1217	999	0	999:0	#FF8888
utig4-1218	3	2816	3:2816	#8888FF
utig4-1219	2	0	2:0	#AAAAAA
utig4-1220	223285	48	223285:48	#FF8888
utig4-1221	0	0	0:0	#AAAAAA
utig4-1222	0	0	0:0	#AAAAAA
utig4-1223	0	0	0:0	#AAAAAA
utig4-1224	56	27294	56:27294	#8888FF
utig4-1225	24841	15	24841:15	#FF8888
utig4-1226	0	0	0:0	#AAAAAA
utig4-1227	5731	60	5731:60	#FF8888
utig4-1228	35	12817	35:12817	#8888FF
utig4-1229	152455	148	152455:148	#FF8888
utig4-1230	259	153784	259:153784	#8888FF
utig4-1231	0	8	0:8	#AAAAAA
utig4-1232	6	0	6:0	#AAAAAA
utig4-1233	34793	39	34793:39	#FF8888
utig4-1234	447	62568	447:62568	#8888FF
utig4-1235	66714	143	66714:143	#FF8888
utig4-1236	280	84253	280:84253	#8888FF
utig4-1237	0	1	0:1	#AAAAAA
utig4-1238	380726	15	380726:15	#FF8888
utig4-1239	40	32997	40:32997	#8888FF
utig4-1240	28470	27	28470:27	#FF8888
utig4-1241	0	0	0:0	#AAAAAA
utig4-1242	351683	178	351683:178	#FF8888
utig4-1243	299	328801	299:328801	#8888FF
utig4-1244	26	0	26:0	#AAAAAA
utig4-1245	7448	1	7448:1	#FF8888
utig4-1246	3	7197	3:7197	#8888FF
utig4-1247	0	0	0:0	#AAAAAA
utig4-1248	32	18804	32:18804	#8888FF
utig4-1249	21053	29	21053:29	#FF8888
utig4-1250	51055	34	51055:34	#FF8888
utig4-1251	111	49450	111:49450	#8888FF
utig4-1252	0	1	0:1	#AAAAAA
utig4-1253	0	0	0:0	#AAAAAA
utig4-1254	68	8635	68:8635	#8888FF
utig4-1255	6744	30	6744:30	#FF8888
utig4-1256	0	558	0:558	#8888FF
utig4-1257	0	800	0:800	#8888FF
utig4-1258	0	18	0:18	#AAAAAA
utig4-1259	0	0	0:0	#AAAAAA
utig4-1260	0	68	0:68	#AAAAAA
utig4-1261	3	0	3:0	#AAAAAA
utig4-1262	364	262315	364:262315	#8888FF
utig4-1263	254819	256	254819:256	#FF8888
utig4-1264	426	172240	426:172240	#8888FF
utig4-1265	228148	215	228148:215	#FF8888
utig4-1266	0	0	0:0	#AAAAAA
utig4-1267	321333	270	321333:270	#FF8888
utig4-1268	517	285494	517:285494	#8888FF
utig4-1269	6	1	6:1	#AAAAAA
utig4-1270	0	0	0:0	#AAAAAA
utig4-1271	119	127858	119:127858	#8888FF
utig4-1272	144810	54	144810:54	#FF8888
utig4-1273	0	0	0:0	#AAAAAA
utig4-1274	87	0	87:0	#AAAAAA
utig4-1275	4	44	4:44	#AAAAAA
utig4-1276	0	0	0:0	#AAAAAA
utig4-1277	58	0	58:0	#AAAAAA
utig4-1278	0	0	0:0	#AAAAAA
utig4-1279	0	0	0:0	#AAAAAA
utig4-1280	0	0	0:0	#AAAAAA
utig4-1281	0	6	0:6	#AAAAAA
utig4-1282	17101	3	17101:3	#FF8888
utig4-1283	3	26235	3:26235	#8888FF
utig4-1284	1	8439	1:8439	#8888FF
utig4-1285	0	1658	0:1658	#8888FF
utig4-1286	0	1658	0:1658	#8888FF
utig4-1287	0	0	0:0	#AAAAAA
utig4-1288	186	0	186:0	#FF8888
utig4-1289	18	163	18:163	#8888FF
utig4-1290	0	0	0:0	#AAAAAA
utig4-1291	0	0	0:0	#AAAAAA
utig4-1292	0	0	0:0	#AAAAAA
utig4-1293	108788	175	108788:175	#FF8888
utig4-1294	151	117268	151:117268	#8888FF
utig4-1295	0	0	0:0	#AAAAAA
utig4-1296	200392	361	200392:361	#FF8888
utig4-1297	365	168064	365:168064	#8888FF
utig4-1298	0	0	0:0	#AAAAAA
utig4-1299	162255	141	162255:141	#FF8888
utig4-1300	416	141583	416:141583	#8888FF
utig4-1301	7	4696	7:4696	#8888FF
utig4-1302	5264	34	5264:34	#FF8888
utig4-1303	17	0	17:0	#AAAAAA
utig4-1304	11	2	11:2	#AAAAAA
utig4-1305	0	0	0:0	#AAAAAA
utig4-1306	26	0	26:0	#AAAAAA
utig4-1307	0	1	0:1	#AAAAAA
utig4-1308	0	0	0:0	#AAAAAA
utig4-1309	10	15	10:15	#AAAAAA
utig4-1310	53843	69	53843:69	#FF8888
utig4-1311	75	48747	75:48747	#8888FF
utig4-1312	184441	255	184441:255	#FF8888
utig4-1313	301	148479	301:148479	#8888FF
utig4-1314	15	1	15:1	#AAAAAA
utig4-1315	0	0	0:0	#AAAAAA
utig4-1316	29	0	29:0	#AAAAAA
utig4-1317	0	0	0:0	#AAAAAA
utig4-1318	0	0	0:0	#AAAAAA
utig4-1319	12	14695	12:14695	#8888FF
utig4-1320	0	0	0:0	#AAAAAA
utig4-1321	2	0	2:0	#AAAAAA
utig4-1322	112517	78	112517:78	#FF8888
utig4-1323	226	104522	226:104522	#8888FF
utig4-1324	0	0	0:0	#AAAAAA
utig4-1325	0	30	0:30	#AAAAAA
utig4-1326	0	0	0:0	#AAAAAA
utig4-1327	0	2	0:2	#AAAAAA
utig4-1328	32	0	32:0	#AAAAAA
utig4-1329	2	67	2:67	#AAAAAA
utig4-1330	17599	59	17599:59	#FF8888
utig4-1331	147	19159	147:19159	#8888FF
utig4-1332	388	115343	388:115343	#8888FF
utig4-1333	100911	158	100911:158	#FF8888
utig4-1334	56854	1	56854:1	#FF8888
utig4-1335	232	0	232:0	#FF8888
utig4-1336	232	0	232:0	#FF8888
utig4-1337	0	0	0:0	#AAAAAA
utig4-1338	0	0	0:0	#AAAAAA
utig4-1339	164	53994	164:53994	#8888FF
utig4-1340	0	0	0:0	#AAAAAA
utig4-1341	0	0	0:0	#AAAAAA
utig4-1342	83	19399	83:19399	#8888FF
utig4-1343	21833	26	21833:26	#FF8888
utig4-1344	13456	34	13456:34	#FF8888
utig4-1345	37	16300	37:16300	#8888FF
utig4-1346	39084	71	39084:71	#FF8888
utig4-1347	5	194	5:194	#8888FF
utig4-1348	118	0	118:0	#FF8888
utig4-1349	0	0	0:0	#AAAAAA
utig4-1350	23814	88	23814:88	#FF8888
utig4-1351	151	21265	151:21265	#8888FF
utig4-1352	0	111	0:111	#8888FF
utig4-1353	0	0	0:0	#AAAAAA
utig4-1354	91832	141	91832:141	#FF8888
utig4-1355	0	0	0:0	#AAAAAA
utig4-1356	0	0	0:0	#AAAAAA
utig4-1357	59360	104	59360:104	#FF8888
utig4-1358	286	70000	286:70000	#8888FF
utig4-1359	1	3	1:3	#AAAAAA
utig4-1360	68	50271	68:50271	#8888FF
utig4-1361	45802	53	45802:53	#FF8888
utig4-1362	96180	153	96180:153	#FF8888
utig4-1363	6	0	6:0	#AAAAAA
utig4-1364	0	0	0:0	#AAAAAA
utig4-1365	0	0	0:0	#AAAAAA
utig4-1366	30	0	30:0	#AAAAAA
utig4-1367	0	0	0:0	#AAAAAA
utig4-1368	246	68337	246:68337	#8888FF
utig4-1369	77314	83	77314:83	#FF8888
utig4-1370	0	0	0:0	#AAAAAA
utig4-1371	216082	327	216082:327	#FF8888
utig4-1372	5	88	5:88	#AAAAAA
utig4-1373	77	0	77:0	#AAAAAA
utig4-1374	119332	88	119332:88	#FF8888
utig4-1375	0	0	0:0	#AAAAAA
utig4-1376	33525	22	33525:22	#FF8888
utig4-1377	0	23	0:23	#AAAAAA
utig4-1378	7	30267	7:30267	#8888FF
utig4-1379	29755	33	29755:33	#FF8888
utig4-1380	138	87515	138:87515	#8888FF
utig4-1381	75921	67	75921:67	#FF8888
utig4-1382	0	0	0:0	#AAAAAA
utig4-1383	0	0	0:0	#AAAAAA
utig4-1384	4	5	4:5	#AAAAAA
utig4-1385	293	81788	293:81788	#8888FF
utig4-1386	86730	117	86730:117	#FF8888
utig4-1387	3	0	3:0	#AAAAAA
utig4-1388	103768	104	103768:104	#FF8888
utig4-1389	200	135407	200:135407	#8888FF
utig4-1390	48	10492	48:10492	#8888FF
utig4-1391	1	1	1:1	#AAAAAA
utig4-1392	0	0	0:0	#AAAAAA
utig4-1393	30	0	30:0	#AAAAAA
utig4-1394	158	57921	158:57921	#8888FF
utig4-1395	47398	70	47398:70	#FF8888
utig4-1396	14638	37	14638:37	#FF8888
utig4-1397	55	22885	55:22885	#8888FF
utig4-1398	0	0	0:0	#AAAAAA
utig4-1399	0	0	0:0	#AAAAAA
utig4-1400	90	80995	90:80995	#8888FF
utig4-1401	69300	79	69300:79	#FF8888
utig4-1402	0	0	0:0	#AAAAAA
utig4-1403	322	101950	322:101950	#8888FF
utig4-1404	105614	101	105614:101	#FF8888
utig4-1405	0	0	0:0	#AAAAAA
utig4-1406	7	14	7:14	#AAAAAA
utig4-1407	4	1	4:1	#AAAAAA
utig4-1408	5	0	5:0	#AAAAAA
utig4-1409	0	0	0:0	#AAAAAA
utig4-1410	0	0	0:0	#AAAAAA
utig4-1411	3	0	3:0	#AAAAAA
utig4-1412	4	0	4:0	#AAAAAA
utig4-1413	0	0	0:0	#AAAAAA
utig4-1414	0	0	0:0	#AAAAAA
utig4-1415	0	1	0:1	#AAAAAA
utig4-1416	0	29	0:29	#AAAAAA
utig4-1417	0	0	0:0	#AAAAAA
utig4-1418	0	0	0:0	#AAAAAA
utig4-1419	28	0	28:0	#AAAAAA
utig4-1420	7	0	7:0	#AAAAAA
utig4-1421	0	0	0:0	#AAAAAA
utig4-1422	0	30	0:30	#AAAAAA
utig4-1423	0	0	0:0	#AAAAAA
utig4-1424	30	0	30:0	#AAAAAA
utig4-1425	0	30	0:30	#AAAAAA
utig4-1426	6	9	6:9	#AAAAAA
utig4-1427	30	0	30:0	#AAAAAA
utig4-1428	0	0	0:0	#AAAAAA
utig4-1429	17	0	17:0	#AAAAAA
utig4-1430	17	0	17:0	#AAAAAA
utig4-1431	69	0	69:0	#AAAAAA
utig4-1432	65	0	65:0	#AAAAAA
utig4-1433	77	0	77:0	#AAAAAA
utig4-1434	77	0	77:0	#AAAAAA
utig4-1435	77	0	77:0	#AAAAAA
utig4-1436	77	0	77:0	#AAAAAA
utig4-1437	77	0	77:0	#AAAAAA
utig4-1438	0	0	0:0	#AAAAAA
utig4-1439	0	0	0:0	#AAAAAA
utig4-1440	0	0	0:0	#AAAAAA
utig4-1441	1	0	1:0	#AAAAAA
utig4-1442	0	0	0:0	#AAAAAA
utig4-1443	0	0	0:0	#AAAAAA
utig4-1444	0	0	0:0	#AAAAAA
utig4-1445	0	0	0:0	#AAAAAA
utig4-1446	95810	197	95810:197	#FF8888
utig4-1447	252	128000	252:128000	#8888FF
utig4-1448	0	2	0:2	#AAAAAA
utig4-1449	9	0	9:0	#AAAAAA
utig4-1450	390	237687	390:237687	#8888FF
utig4-1451	8	1	8:1	#AAAAAA
utig4-1452	28998	54	28998:54	#FF8888
utig4-1453	39	15913	39:15913	#8888FF
utig4-1454	82216	143	82216:143	#FF8888
utig4-1455	206	48249	206:48249	#8888FF
utig4-1456	0	0	0:0	#AAAAAA
utig4-1457	0	0	0:0	#AAAAAA
utig4-1458	0	0	0:0	#AAAAAA
utig4-1459	0	0	0:0	#AAAAAA
utig4-1460	0	0	0:0	#AAAAAA
utig4-1461	0	0	0:0	#AAAAAA
utig4-1462	255	110130	255:110130	#8888FF
utig4-1463	102050	64	102050:64	#FF8888
utig4-1464	0	7	0:7	#AAAAAA
utig4-1465	0	0	0:0	#AAAAAA
utig4-1466	1	29	1:29	#AAAAAA
utig4-1467	0	8	0:8	#AAAAAA
utig4-1468	0	0	0:0	#AAAAAA
utig4-1469	0	0	0:0	#AAAAAA
utig4-1470	0	4	0:4	#AAAAAA
utig4-1471	0	0	0:0	#AAAAAA
utig4-1472	140	91582	140:91582	#8888FF
utig4-1473	88097	69	88097:69	#FF8888
utig4-1474	0	0	0:0	#AAAAAA
utig4-1475	0	57	0:57	#AAAAAA
utig4-1476	12	0	12:0	#AAAAAA
utig4-1477	13	0	13:0	#AAAAAA
utig4-1478	6	0	6:0	#AAAAAA
utig4-1479	966	0	966:0	#FF8888
utig4-1480	1	0	1:0	#AAAAAA
utig4-1481	486	307308	486:307308	#8888FF
utig4-1482	315150	343	315150:343	#FF8888
utig4-1483	123	60054	123:60054	#8888FF
utig4-1484	54056	29	54056:29	#FF8888
utig4-1485	0	0	0:0	#AAAAAA
utig4-1486	0	0	0:0	#AAAAAA
utig4-1487	82	30428	82:30428	#8888FF
utig4-1488	32442	33	32442:33	#FF8888
utig4-1489	0	0	0:0	#AAAAAA
utig4-1490	16	5543	16:5543	#8888FF
utig4-1491	5361	4	5361:4	#FF8888
utig4-1492	0	0	0:0	#AAAAAA
utig4-1493	61	32055	61:32055	#8888FF
utig4-1494	30325	11	30325:11	#FF8888
utig4-1495	4	8	4:8	#AAAAAA
utig4-1496	0	34	0:34	#AAAAAA
utig4-1497	0	0	0:0	#AAAAAA
utig4-1498	37	0	37:0	#AAAAAA
utig4-1499	0	0	0:0	#AAAAAA
utig4-1500	0	0	0:0	#AAAAAA
utig4-1501	0	0	0:0	#AAAAAA
utig4-1502	2	2	2:2	#AAAAAA
utig4-1503	13	0	13:0	#AAAAAA
utig4-1504	0	0	0:0	#AAAAAA
utig4-1505	7	7	7:7	#AAAAAA
utig4-1506	15	0	15:0	#AAAAAA
utig4-1507	29	0	29:0	#AAAAAA
utig4-1508	0	0	0:0	#AAAAAA
utig4-1509	0	0	0:0	#AAAAAA
utig4-1510	119260	43	119260:43	#FF8888
utig4-1511	78	80032	78:80032	#8888FF
utig4-1512	0	29	0:29	#AAAAAA
utig4-1513	0	0	0:0	#AAAAAA
utig4-1514	0	0	0:0	#AAAAAA
utig4-1515	46	20045	46:20045	#8888FF
utig4-1516	29801	17	29801:17	#FF8888
utig4-1517	1	0	1:0	#AAAAAA
utig4-1518	0	0	0:0	#AAAAAA
utig4-1519	0	0	0:0	#AAAAAA
utig4-1520	367	206239	367:206239	#8888FF
utig4-1521	4	0	4:0	#AAAAAA
utig4-1522	0	0	0:0	#AAAAAA
utig4-1523	0	0	0:0	#AAAAAA
utig4-1524	0	0	0:0	#AAAAAA
utig4-1525	6	0	6:0	#AAAAAA
utig4-1526	208	115058	208:115058	#8888FF
utig4-1527	100391	157	100391:157	#FF8888
utig4-1528	0	0	0:0	#AAAAAA
utig4-1529	0	0	0:0	#AAAAAA
utig4-1530	0	26	0:26	#AAAAAA
utig4-1531	0	0	0:0	#AAAAAA
utig4-1532	29826	24	29826:24	#FF8888
utig4-1533	43	14319	43:14319	#8888FF
utig4-1534	1	0	1:0	#AAAAAA
utig4-1535	48168	122	48168:122	#FF8888
utig4-1536	79	55098	79:55098	#8888FF
utig4-1537	0	0	0:0	#AAAAAA
utig4-1538	0	0	0:0	#AAAAAA
utig4-1539	0	0	0:0	#AAAAAA
utig4-1540	912	378566	912:378566	#8888FF
utig4-1541	0	0	0:0	#AAAAAA
utig4-1542	17	23	17:23	#AAAAAA
utig4-1543	0	5619	0:5619	#8888FF
utig4-1544	5	7	5:7	#AAAAAA
utig4-1545	0	0	0:0	#AAAAAA
utig4-1546	0	0	0:0	#AAAAAA
utig4-1547	0	0	0:0	#AAAAAA
utig4-1548	73	9943	73:9943	#8888FF
utig4-1549	0	0	0:0	#AAAAAA
utig4-1550	739	0	739:0	#FF8888
utig4-1551	0	0	0:0	#AAAAAA
utig4-1552	41	0	41:0	#AAAAAA
utig4-1553	0	0	0:0	#AAAAAA
utig4-1554	0	0	0:0	#AAAAAA
utig4-1555	0	0	0:0	#AAAAAA
utig4-1556	0	0	0:0	#AAAAAA
utig4-1557	0	0	0:0	#AAAAAA
utig4-1558	0	0	0:0	#AAAAAA
utig4-1559	0	0	0:0	#AAAAAA
utig4-1560	16	26633	16:26633	#8888FF
utig4-1561	3	79197	3:79197	#8888FF
utig4-1562	17	0	17:0	#AAAAAA
utig4-1563	0	0	0:0	#AAAAAA
utig4-1564	0	0	0:0	#AAAAAA
utig4-1565	0	0	0:0	#AAAAAA
utig4-1566	0	0	0:0	#AAAAAA
utig4-1567	0	0	0:0	#AAAAAA
utig4-1568	0	0	0:0	#AAAAAA
utig4-1569	0	0	0:0	#AAAAAA
utig4-1570	0	0	0:0	#AAAAAA
utig4-1571	177178	255	177178:255	#FF8888
utig4-1572	0	0	0:0	#AAAAAA
utig4-1573	205290	275	205290:275	#FF8888
utig4-1574	27842	103	27842:103	#FF8888
utig4-1575	118	29050	118:29050	#8888FF
utig4-1576	14	31	14:31	#AAAAAA
utig4-1577	0	10	0:10	#AAAAAA
utig4-1578	0	10	0:10	#AAAAAA
utig4-1579	7	0	7:0	#AAAAAA
utig4-1580	603	191233	603:191233	#8888FF
utig4-1581	0	0	0:0	#AAAAAA
utig4-1582	41	0	41:0	#AAAAAA
utig4-1583	0	7245	0:7245	#8888FF
utig4-1584	0	9895	0:9895	#8888FF
utig4-1585	0	22255	0:22255	#8888FF
utig4-1586	0	0	0:0	#AAAAAA
utig4-1587	0	0	0:0	#AAAAAA
utig4-1588	469	0	469:0	#FF8888
utig4-1589	515	0	515:0	#FF8888
utig4-1590	42	0	42:0	#AAAAAA
utig4-1591	42	0	42:0	#AAAAAA
utig4-1592	0	0	0:0	#AAAAAA
utig4-1593	0	0	0:0	#AAAAAA
utig4-1594	0	0	0:0	#AAAAAA
utig4-1595	0	0	0:0	#AAAAAA
utig4-1596	183315	176	183315:176	#FF8888
utig4-1597	261	141513	261:141513	#8888FF
utig4-1598	0	0	0:0	#AAAAAA
utig4-1599	0	0	0:0	#AAAAAA
utig4-1600	0	0	0:0	#AAAAAA
utig4-1601	0	0	0:0	#AAAAAA
utig4-1602	0	0	0:0	#AAAAAA
utig4-1603	0	0	0:0	#AAAAAA
utig4-1604	0	0	0:0	#AAAAAA
utig4-1605	0	0	0:0	#AAAAAA
utig4-1606	0	0	0:0	#AAAAAA
utig4-1607	7	0	7:0	#AAAAAA
utig4-1608	2404	0	2404:0	#FF8888
utig4-1609	21590	0	21590:0	#FF8888
utig4-1610	94	0	94:0	#AAAAAA
utig4-1611	9	0	9:0	#AAAAAA
utig4-1612	8	0	8:0	#AAAAAA
utig4-1613	17	0	17:0	#AAAAAA
utig4-1614	0	0	0:0	#AAAAAA
utig4-1615	87	106075	87:106075	#8888FF
utig4-1616	0	0	0:0	#AAAAAA
utig4-1617	0	0	0:0	#AAAAAA
utig4-1618	0	123	0:123	#8888FF
utig4-1619	0	0	0:0	#AAAAAA
utig4-1620	0	0	0:0	#AAAAAA
utig4-1621	0	62	0:62	#AAAAAA
utig4-1622	0	101	0:101	#8888FF
utig4-1623	0	0	0:0	#AAAAAA
utig4-1624	0	0	0:0	#AAAAAA
utig4-1625	0	0	0:0	#AAAAAA
utig4-1626	0	12	0:12	#AAAAAA
utig4-1627	0	0	0:0	#AAAAAA
utig4-1628	0	0	0:0	#AAAAAA
utig4-1629	0	0	0:0	#AAAAAA
utig4-1630	0	3715	0:3715	#8888FF
utig4-1631	0	1152	0:1152	#8888FF
utig4-1632	0	1152	0:1152	#8888FF
utig4-1633	66	0	66:0	#AAAAAA
utig4-1634	88	0	88:0	#AAAAAA
utig4-1635	0	0	0:0	#AAAAAA
utig4-1636	0	0	0:0	#AAAAAA
utig4-1637	0	165	0:165	#8888FF
utig4-1638	0	1422	0:1422	#8888FF
utig4-1639	0	175	0:175	#8888FF
utig4-1640	0	191	0:191	#8888FF
utig4-1641	0	623	0:623	#8888FF
utig4-1642	0	1147	0:1147	#8888FF
utig4-1643	0	217	0:217	#8888FF
utig4-1644	7	0	7:0	#AAAAAA
utig4-1645	0	0	0:0	#AAAAAA
utig4-1646	0	0	0:0	#AAAAAA
utig4-1647	17	0	17:0	#AAAAAA
utig4-1648	0	0	0:0	#AAAAAA
utig4-1649	0	0	0:0	#AAAAAA
utig4-1650	0	0	0:0	#AAAAAA
utig4-1651	0	0	0:0	#AAAAAA
utig4-1652	0	0	0:0	#AAAAAA
utig4-1653	8	0	8:0	#AAAAAA
utig4-1654	0	0	0:0	#AAAAAA
utig4-1655	51	0	51:0	#AAAAAA
utig4-1656	0	0	0:0	#AAAAAA
utig4-1657	0	0	0:0	#AAAAAA
utig4-1658	17	0	17:0	#AAAAAA
utig4-1659	17	0	17:0	#AAAAAA
utig4-1660	0	0	0:0	#AAAAAA
utig4-1661	3	6	3:6	#AAAAAA
utig4-1662	7589	2	7589:2	#FF8888
utig4-1663	0	0	0:0	#AAAAAA
utig4-1664	986	0	986:0	#FF8888
utig4-1665	0	0	0:0	#AAAAAA
utig4-1666	173381	235	173381:235	#FF8888
utig4-1667	331	178768	331:178768	#8888FF
utig4-1668	0	31	0:31	#AAAAAA
utig4-1669	85	0	85:0	#AAAAAA
utig4-1670	0	32	0:32	#AAAAAA
utig4-1671	0	0	0:0	#AAAAAA
utig4-1672	29	0	29:0	#AAAAAA
utig4-1673	17	0	17:0	#AAAAAA
utig4-1674	3	0	3:0	#AAAAAA
utig4-1675	0	0	0:0	#AAAAAA
utig4-1676	0	0	0:0	#AAAAAA
utig4-1677	0	0	0:0	#AAAAAA
utig4-1678	0	0	0:0	#AAAAAA
utig4-1679	24	14	24:14	#AAAAAA
utig4-1680	52	26342	52:26342	#8888FF
utig4-1681	36085	88	36085:88	#FF8888
utig4-1682	0	0	0:0	#AAAAAA
utig4-1683	0	42	0:42	#AAAAAA
utig4-1684	0	504	0:504	#8888FF
utig4-1685	0	433	0:433	#8888FF
utig4-1686	0	0	0:0	#AAAAAA
utig4-1687	0	0	0:0	#AAAAAA
utig4-1688	0	0	0:0	#AAAAAA
utig4-1689	0	0	0:0	#AAAAAA
utig4-1690	0	0	0:0	#AAAAAA
utig4-1691	0	0	0:0	#AAAAAA
utig4-1692	548	217890	548:217890	#8888FF
utig4-1693	0	0	0:0	#AAAAAA
utig4-1694	64	0	64:0	#AAAAAA
utig4-1695	101	0	101:0	#FF8888
utig4-1696	38	0	38:0	#AAAAAA
utig4-1697	41	0	41:0	#AAAAAA
utig4-1698	34	0	34:0	#AAAAAA
utig4-1699	0	0	0:0	#AAAAAA
utig4-1700	0	30	0:30	#AAAAAA
utig4-1701	0	0	0:0	#AAAAAA
utig4-1702	0	0	0:0	#AAAAAA
utig4-1703	0	0	0:0	#AAAAAA
utig4-1704	0	0	0:0	#AAAAAA
utig4-1705	0	0	0:0	#AAAAAA
utig4-1706	0	0	0:0	#AAAAAA
utig4-1707	0	0	0:0	#AAAAAA
utig4-1708	0	0	0:0	#AAAAAA
utig4-1709	0	5	0:5	#AAAAAA
utig4-1710	0	0	0:0	#AAAAAA
utig4-1711	0	0	0:0	#AAAAAA
utig4-1712	7	0	7:0	#AAAAAA
utig4-1713	14	0	14:0	#AAAAAA
utig4-1714	37	0	37:0	#AAAAAA
utig4-1715	14	0	14:0	#AAAAAA
utig4-1716	7	0	7:0	#AAAAAA
utig4-1717	15	0	15:0	#AAAAAA
utig4-1718	7	0	7:0	#AAAAAA
utig4-1719	5	2	5:2	#AAAAAA
utig4-1720	738	256507	738:256507	#8888FF
utig4-1721	47	0	47:0	#AAAAAA
utig4-1722	76	0	76:0	#AAAAAA
utig4-1723	0	0	0:0	#AAAAAA
utig4-1724	78	0	78:0	#AAAAAA
utig4-1725	0	0	0:0	#AAAAAA
utig4-1726	496	247381	496:247381	#8888FF
utig4-1727	230672	203	230672:203	#FF8888
utig4-1728	35	0	35:0	#AAAAAA
utig4-1729	10	0	10:0	#AAAAAA
utig4-1730	7	0	7:0	#AAAAAA
utig4-1731	0	0	0:0	#AAAAAA
utig4-1732	0	0	0:0	#AAAAAA
utig4-1733	0	64	0:64	#AAAAAA
utig4-1734	0	171	0:171	#8888FF
utig4-1735	0	173	0:173	#8888FF
utig4-1736	3	10	3:10	#AAAAAA
utig4-1737	0	275	0:275	#8888FF
utig4-1738	58	10	58:10	#AAAAAA
utig4-1739	0	0	0:0	#AAAAAA
utig4-1740	0	12	0:12	#AAAAAA
utig4-1741	0	0	0:0	#AAAAAA
utig4-1742	0	23	0:23	#AAAAAA
utig4-1743	0	0	0:0	#AAAAAA
utig4-1744	0	0	0:0	#AAAAAA
utig4-1745	19	0	19:0	#AAAAAA
utig4-1746	77	0	77:0	#AAAAAA
utig4-1747	0	22	0:22	#AAAAAA
utig4-1748	1	0	1:0	#AAAAAA
utig4-1749	0	0	0:0	#AAAAAA
utig4-1750	0	0	0:0	#AAAAAA
utig4-1751	30	0	30:0	#AAAAAA
utig4-1752	164	0	164:0	#FF8888
utig4-1753	134	0	134:0	#FF8888
utig4-1754	164	0	164:0	#FF8888
utig4-1755	0	0	0:0	#AAAAAA
utig4-1756	19	0	19:0	#AAAAAA
utig4-1757	23	0	23:0	#AAAAAA
utig4-1758	0	0	0:0	#AAAAAA
utig4-1759	0	0	0:0	#AAAAAA
utig4-1760	0	1	0:1	#AAAAAA
utig4-1761	0	0	0:0	#AAAAAA
utig4-1762	0	12	0:12	#AAAAAA
utig4-1763	0	0	0:0	#AAAAAA
utig4-1764	0	0	0:0	#AAAAAA
utig4-1765	245844	218	245844:218	#FF8888
utig4-1766	529	236370	529:236370	#8888FF
utig4-1767	0	0	0:0	#AAAAAA
utig4-1768	0	0	0:0	#AAAAAA
utig4-1769	0	1464	0:1464	#8888FF
utig4-1770	0	0	0:0	#AAAAAA
utig4-1771	0	67	0:67	#AAAAAA
utig4-1772	536	0	536:0	#FF8888
utig4-1773	4	457	4:457	#8888FF
utig4-1774	22244	41	22244:41	#FF8888
utig4-1775	0	0	0:0	#AAAAAA
utig4-1776	0	0	0:0	#AAAAAA
utig4-1777	0	0	0:0	#AAAAAA
utig4-1778	0	0	0:0	#AAAAAA
utig4-1779	0	0	0:0	#AAAAAA
utig4-1780	0	0	0:0	#AAAAAA
utig4-1781	52	0	52:0	#AAAAAA
utig4-1782	79	0	79:0	#AAAAAA
utig4-1783	29	0	29:0	#AAAAAA
utig4-1784	0	0	0:0	#AAAAAA
utig4-1785	287061	15	287061:15	#FF8888
utig4-1786	0	28	0:28	#AAAAAA
utig4-1787	0	0	0:0	#AAAAAA
utig4-1788	31	0	31:0	#AAAAAA
utig4-1789	0	0	0:0	#AAAAAA
utig4-1790	0	0	0:0	#AAAAAA
utig4-1791	0	0	0:0	#AAAAAA
utig4-1792	0	0	0:0	#AAAAAA
utig4-1793	2	10	2:10	#AAAAAA
utig4-1794	0	90	0:90	#AAAAAA
utig4-1795	30	0	30:0	#AAAAAA
utig4-1796	0	30	0:30	#AAAAAA
utig4-1797	0	30	0:30	#AAAAAA
utig4-1798	46	0	46:0	#AAAAAA
utig4-1799	85	0	85:0	#AAAAAA
utig4-1800	0	2336	0:2336	#8888FF
utig4-1801	3	0	3:0	#AAAAAA
utig4-1802	0	0	0:0	#AAAAAA
utig4-1803	0	0	0:0	#AAAAAA
utig4-1804	39	0	39:0	#AAAAAA
utig4-1805	0	0	0:0	#AAAAAA
utig4-1806	17	0	17:0	#AAAAAA
utig4-1807	0	0	0:0	#AAAAAA
utig4-1808	0	0	0:0	#AAAAAA
utig4-1809	91	0	91:0	#AAAAAA
utig4-1810	0	0	0:0	#AAAAAA
utig4-1811	0	75	0:75	#AAAAAA
utig4-1812	81	0	81:0	#AAAAAA
utig4-1813	0	51	0:51	#AAAAAA
utig4-1814	0	133	0:133	#8888FF
utig4-1815	0	441	0:441	#8888FF
utig4-1816	0	0	0:0	#AAAAAA
utig4-1817	0	0	0:0	#AAAAAA
utig4-1818	0	0	0:0	#AAAAAA
utig4-1819	21	0	21:0	#AAAAAA
utig4-1820	0	0	0:0	#AAAAAA
utig4-1821	0	0	0:0	#AAAAAA
utig4-1822	127	13468	127:13468	#8888FF
utig4-1823	15908	56	15908:56	#FF8888
utig4-1824	1	0	1:0	#AAAAAA
